[{"model": "home.standardpage", "pk": 6, "fields": {"introduction": "We are bunch of technical folks", "image": 4, "body": "[{\"type\": \"paragraph_block\", \"value\": \"<p data-block-key=\\\"urjff\\\">bunch of techncial folks</p>\", \"id\": \"dbb667bd-e974-4433-9145-080fc9062296\"}]"}}, {"model": "home.standardpage", "pk": 8, "fields": {"introduction": "I am privacy Policy", "image": 4, "body": "[{\"type\": \"paragraph_block\", \"value\": \"<h2 data-block-key=\\\"57mlk\\\"><b>Introduction</b></h2><p data-block-key=\\\"86eta\\\">We, at Info Edge (India) Limited herein referred to as IEIL and our affiliated companies worldwide, are committed to respecting your online privacy and recognize your need for appropriate protection and management of personally identifiable information (\\\"Personal Information\\\") you share with us, in-line with the applicable data protection laws and regulations.</p><p data-block-key=\\\"6k12j\\\">This Policy is subject to the terms of the Site Policy (Terms of Use) of Shiksha.com and the Application. This policy applies to those who register on the Platform (as defined in the Terms of Use) provided by the Shiksha.com, in connection with use of our services, or whose information Shiksha.com otherwise receives in connection with its services (such as but not limited to contact information of individuals associated with Shiksha.com including partner colleges/ educational institutes etc.)</p><p data-block-key=\\\"3433f\\\">Personal information (PI) - means any information relating to an identified or identifiable living person. In particular using a common identifier such as a name, an identification number, location data, an online identifier or one or more factors specific to the physical, physiological, genetic, mental, economic, cultural or social identity of that natural person or any other piece of information as per applicable laws and regulations.</p><p data-block-key=\\\"8iqj7\\\">Core Purpose - The Platform is made available for use to help students get details, discover &amp; research on colleges, courses and exams of their interest and for allied services related thereto. Platform also helps connect colleges/educational institutes/coaching centres etc. with prospective students who may be of interest to them.User's contactable information will be shared with Colleges/Educational Institutes/coaching centres etc either if they have shown interest in that Colleges/Educational Institutes/coaching centres etc or they have shortlisted the user as potential candidate for admission.</p><p data-block-key=\\\"5j5bd\\\">Study Abroad section of Platform also assists students in completing and submitting their applications to universities abroad. (\\u201cPurpose\\u201d).</p><h2 data-block-key=\\\"3kh63\\\"><b>Information collection</b></h2><p data-block-key=\\\"b3h33\\\">We collect information about you or your usage to provide better services to all of our users. We collect information in the following ways:</p><ul><li data-block-key=\\\"10ckj\\\">Many of our services require you to register/sign up for an account on Shiksha.com. When you do, we will ask for personal information, such as, but not limited to your name, email address and telephone number to create/update your account.</li><li data-block-key=\\\"5l5h3\\\">To provide you additional services, we may collect your profile information such as, but not limited to education background, work experience, date of birth.</li><li data-block-key=\\\"8cja5\\\">We collect information about the services that you use and how you use them such as, but not limited to log information and location information.</li><li data-block-key=\\\"3enfr\\\">We may collect your personal information such as but not limited to bank details, passport details to assist for study abroad program which includes services like Letter of recommendation, student profile, student visa and application to university programmes.</li><li data-block-key=\\\"f5ng8\\\">When you communicate with Shiksha.com or its Application or use the Shiksha.com platform to communicate with other Members (such as advertisers, colleges/ institutes, etc.), we collect information about your communication and any other additional information you choose to provide.</li></ul><h2 data-block-key=\\\"59lml\\\"><b>Processing personal information</b></h2><p data-block-key=\\\"44gri\\\">Shiksha.com may process your Personal Information for the following purposes:</p><ul><li data-block-key=\\\"3kccm\\\">We use information collected from cookies and other technologies, like pixel tags, to improve your user experience and the overall quality of our services. When showing you tailored ads, we will not associate an identifier from cookies or similar technologies with sensitive categories, such as those based on race, religion, sexual orientation or health.</li><li data-block-key=\\\"3bbis\\\">Our automated systems analyse your content to provide you customised search results, recommendations and specific promotions and offers</li><li data-block-key=\\\"2dbvo\\\">Send alerts and newsletter(s) to you (Provided you subscribe to the same. To unsubscribe, please visit your account settings)</li><li data-block-key=\\\"afflj\\\">Improving our website and its content to provide better features and services</li><li data-block-key=\\\"8jm8g\\\">Conducting market research and surveys with the aim of improving our products and services.</li><li data-block-key=\\\"e53u9\\\">Sending you information about our products and services for marketing purposes and promotions.</li><li data-block-key=\\\"b073l\\\">Preventing, detecting, investigating and prosecuting crimes (including but not limited to fraud and other financial crimes) in any jurisdiction, identity verification, government sanctions screening and due diligence checks</li><li data-block-key=\\\"d6udd\\\">Establishing, exercising or defending legal rights in connection with legal proceedings (including any prospective legal proceedings) and seeking professional or legal advice in relation to such legal proceedings.</li></ul><h2 data-block-key=\\\"bbdbh\\\"><b>Cookies and Other Tracking Technologies</b></h2><p data-block-key=\\\"4h5so\\\">Some of our Web pages utilize \\\"cookies\\\" and other tracking technologies. A \\\"cookie\\\" is a small text file that may be used, for example, to collect your information about Website activity. Some cookies and other technologies may serve to recall Personal Information previously indicated by a Web user. Most browsers allow you to control cookies, including whether or not to accept them and how to remove them.</p><p data-block-key=\\\"1qr6n\\\">You may set most browsers to notify you if you receive a cookie, or you may choose to block cookies with your browser, but please note that if you choose to erase or block your cookies, you will need to re-enter your original user ID and password to gain access to certain parts of the Web site and some sections/features of the site may not work.</p><p data-block-key=\\\"ces2h\\\">Tracking technologies may record information such as Internet domain and host names; Internet protocol (IP) addresses; browser software and operating system types; clickstream patterns; and dates and times that our site has accessed.</p><p data-block-key=\\\"1j9j3\\\">Our use of cookies and other tracking technologies allows us to improve our Web site and your Web experience. We may also analyse information that does not contain Personal Information for trends and statistics.</p><p data-block-key=\\\"elsgu\\\">For more information about our use of cookies please refer to our <a href=\\\"https://www.shiksha.com/shikshaHelp/ShikshaHelp/cookiePolicy\\\">Cookie Policy.</a></p><h2 data-block-key=\\\"2eqcj\\\"><b>Third Party Services</b></h2><p data-block-key=\\\"ctkec\\\">Third parties provide certain services available on Shiksha.com on IEIL\\u2019s behalf. Shiksha.com may provide information, including Personal Information, that \\u2018Shiksha.com collects on the Web to third-party service providers to help us deliver programs, products, information, and services. Service providers are also an important means by which Shiksha.com maintains its Web site and mailing lists. Shiksha.com will take reasonable steps to ensure that these third-party service providers are obligated to protect Personal Information on Shiksha.com behalf.</p><p data-block-key=\\\"ck63i\\\">Shiksha.com does not intend to transfer Personal Information without your consent to third parties unless such transfer is required for providing relevant services or for purposes legal purposes.</p><p data-block-key=\\\"dh9c9\\\">When you are in a relationship with Shiksha.com, your personal information may be transferred to geographies outside India, for the purposes mentioned in this policy or to their local service providers for support in the pursuance of such purposes. Transfers outside India are covered by standard data protection laws.</p><p data-block-key=\\\"7u9qa\\\">Please be aware that Shiksha.com sometimes contains links to other sites that are not governed by this privacy policy. Visitors to Our Site may be directed to third-party sites for more information, such as advertisers, blogs, content sponsorships, vendor services, social networks, etc.</p><p data-block-key=\\\"h0er\\\">Shiksha.com makes no representations or warranties regarding how your information is stored or used on third-party servers. We recommend that you review the privacy statement of each third-party site linked from Our Site to determine their use of your personal information.</p><h2 data-block-key=\\\"bee9n\\\"><b>Children</b></h2><p data-block-key=\\\"9seq8\\\">To use the Site you agree that you must be of minimum age (described in this paragraph below) or older.</p><p data-block-key=\\\"d6rjt\\\">In case you are resident of the European Union, the minimum age for these purposes shall be 16, however if local laws require that you must be older in order for Shiksha.com to lawfully provide the services on the Site to you then that older age shall apply as the applicable minimum age.</p><p data-block-key=\\\"cj7br\\\">In all jurisdictions outside the European Union, if you are under the age of 18 or the age of majority in your jurisdiction, you must use Shiksha.com under the supervision of your parent, legal guardian or responsible adult.</p><h2 data-block-key=\\\"fokrn\\\"><b>Information Sharing</b></h2><p data-block-key=\\\"f6ubb\\\">We restrict access to your Personal Information to employees who we believe reasonably need to know/or that information in order to fulfil their jobs to provide, operate, develop, or improve our products or services.</p><p data-block-key=\\\"8j4id\\\">Shiksha.com does not rent, sell, or share personal information about you with other people or non-affiliated companies except:</p><ol><li data-block-key=\\\"bd2c\\\">to provide products or services you've requested,</li><li data-block-key=\\\"6bstn\\\">when we have your permission,</li><li data-block-key=\\\"el3ov\\\">or under the following circumstances:</li></ol><ul><li data-block-key=\\\"9l33o\\\">We provide the information to trusted partners who work on behalf of or with \\u2018IEIL\\u2019 under confidentiality agreements. These companies may use your personal information to help Shiksha.com communicate with you about offers from \\u2018Shiksha.com and our marketing partners. However, these companies do not have any independent right to share this information.</li><li data-block-key=\\\"e824l\\\">We respond to subpoenas, court orders, or legal process, or to establish or exercise our legal rights or defend against legal claims;</li><li data-block-key=\\\"avja3\\\">We believe it is necessary to share information in order to investigate, prevent, or take action regarding illegal activities, suspected fraud, situations involving potential threats to the physical safety of any person, violations of \\u2018Shiksha.com terms of use, or as otherwise required by law.</li><li data-block-key=\\\"58kcg\\\">We transfer information about you if \\u2018Shiksha.com is acquired by or merged with another company.</li><li data-block-key=\\\"5ekhv\\\">We share your personal information with colleges or educational institutions, etc. based on your browsing behaviour or expression of interest regarding courses, specializations and institutions or in case of applications for admission to such colleges or educational institutions, who may further contact you and process your information for the said purposes.</li></ul><p data-block-key=\\\"ehol7\\\">Shiksha.com displays targeted advertisements based on personal information. Advertisers (including ad serving for example, women aged 18-24 from a particular geographic area.</p><ul><li data-block-key=\\\"eigug\\\">Shiksha.com does not provide any personal information to the advertiser when you interact with or view a targeted ad. However, by interacting with an ad you are consenting to the possibility that the advertiser will make the assumption that you meet the targeting criteria used to display the ad.</li><li data-block-key=\\\"ahctn\\\">Shiksha.com advertisers include financial service providers (such as banks, insurance agents, stock brokers and mortgage lenders) and non-financial companies (such as stores, airlines, and software companies).</li><li data-block-key=\\\"9kald\\\">We may share personal information (such as name, mobile number, and email address) with carefully selected education colleges/ educational institutions based on your expression of interest regarding courses, specializations and institutions so that they may consider further marketing campaigns or recruitment measures. Some of these educational institutions may have access to your personal information to verify the status of your application or enrolment. We will inform the education institutions that they are not allowed to use your personal information for any reason other than mentioned above. Users should note however that, how these educational institutions use this data is not governed by our privacy policy. Therefore, we cannot be held responsible for how the data is utilized once it is shared with them. Educational institutions have separate policy practices for which Shiksha.com has no responsibility or liability. For further information on how such institutions use your information, please visit the applicable privacy policy of that institution.</li><li data-block-key=\\\"f208v\\\">Shiksha.com works with vendors, partners, advertisers, and other service providers in different industries and categories of business. For more information regarding providers of products or services, please refer the section <a href=\\\"https://www.shiksha.com/shikshaHelp/ShikshaHelp/privacyPolicy#third-part-services\\\">\\u201cThird party services\\u201d</a> of this policy</li></ul><h2 data-block-key=\\\"3cvjk\\\"><b>Retention of personal information</b></h2><p data-block-key=\\\"at5ia\\\">Your personal information processed by Shiksha.com are kept in a form which permits your identification for no longer than is necessary for the purposes for which the personal information are processed in line with legal, regulatory, contractual or statutory obligations as applicable.</p><p data-block-key=\\\"4rpa7\\\">At the expiry of such periods, your personal information will be archived to comply with legal/contractual retention obligations or in accordance with applicable statutory limitation periods.</p><h2 data-block-key=\\\"73uan\\\"><b>Personalisation of services</b></h2><p data-block-key=\\\"9mo0t\\\">To the extent permitted by law, Shiksha.com may record and monitor your communications with us to ensure compliance with our legal and regulatory obligations and our internal policies. This may include the recording of telephone conversations.</p><h2 data-block-key=\\\"9i5u4\\\"><b>Personalisation of services</b></h2><p data-block-key=\\\"8acv5\\\">You may have the right to invoke certain rights (as per applicable laws and regulations such as GDPR) in relation to your personal information being processed by the Platform.</p><p data-block-key=\\\"dcgf3\\\">The Platform may be allowed by law, in particular in case of excessive or manifestly unfounded request, to charge a fee for fulfilling your request, subject to applicable conditions.</p><p data-block-key=\\\"c7fh7\\\">You are legally entitled to request details of the personal information we may be holding about you. The Company provides you the ability to keep your personal information accurate and up-to-date. If at any time you would like to rectify, erase or restrict the processing of your personal information, or you would like to obtain confirmation whether or not your personal information is processed by it, access your personal information, exercise your right to data portability or withdraw your consent to processing, please contact us.</p><p data-block-key=\\\"2q06g\\\">You are entitled to lodge a complaint with a competent Data Protection Authority where existing, concerning the Platform\\u2019s compliance with the applicable data protection laws and regulation.</p><h2 data-block-key=\\\"7ibcd\\\"><b>Confidentiality and Security</b></h2><p data-block-key=\\\"7h900\\\">The security and confidentiality of your Personal Data is important to us and Shiksha.com has invested significant resources to protect the safekeeping and confidentiality of your personal data. When using external service providers acting as processors, we require that they adhere to the same standards as Shiksha.com. Regardless of where your personal information is transferred or stored, we take all steps reasonably necessary to ensure that personal data is kept secure.</p><p data-block-key=\\\"5mb2s\\\">We have physical, electronic, and procedural safeguards that comply with the laws prevalent in India to protect personal information about you. We seek to ensure compliance with the requirements of the Information Technology Act, 2000 and Rules made there under to ensure the protection and preservation of your privacy.</p><h2 data-block-key=\\\"akirf\\\"><b>Social media</b></h2><p data-block-key=\\\"fl9oq\\\">Shiksha.com operates channels, pages and accounts on some social media sites to inform, assist and engage with you. Shiksha.com monitors and records comments and posts made on these channels about Shiksha.com in order to improve its products and services. Please note that you must not communicate with Shiksha.com through such social media sites the following information:</p><ul><li data-block-key=\\\"4ag0u\\\">Sensitive personal data including (i) special categories of personal data meaning any information revealing racial or ethnic origin, political opinions, religious or philosophical beliefs, or trade union membership, and the processing of genetic data, biometric data for the purpose of uniquely identifying a natural person, data concerning health or data concerning a natural person's sex life or sexual orientation and (ii) other sensitive personal data such as criminal convictions and offences and national identification number ;</li><li data-block-key=\\\"52a1t\\\">Excessive, inappropriate, offensive or insulting information towards individuals.</li></ul><p data-block-key=\\\"47mbu\\\">Shiksha.com is not responsible for any information posted on those sites other than the information posted by its employees on its behalf. Shiksha.com is only responsible for its own use of the personal data received through such sites</p><h2 data-block-key=\\\"1r5ii\\\"><b>Changes to this Privacy Policy</b></h2><p data-block-key=\\\"21kj2\\\">Shiksha.com reserves the right to update, change or modify this policy at any time. The policy shall come to effect from the date of such update, change or modification.</p><h2 data-block-key=\\\"bh729\\\"><b>Disclaimer</b></h2><p data-block-key=\\\"17r6n\\\">Shiksha.com shall not be liable for any loss or damage sustained by reason of any disclosure (inadvertent or otherwise) of any information concerning the user's account and / or information relating to or regarding online transactions using credit cards / debit cards and / or their verification process and particulars nor for any error, omission or inaccuracy with respect to any information so disclosed and used whether or not in pursuance of a legal process or otherwise. Shiksha.com does not store any Credit / Debit card details.</p><p data-block-key=\\\"3dltl\\\">Any other personal information shared by you which is not asked by Shiksha.com during registration, either mandatorily or optionally; accounts to wilful and intentional furnishing; and Shiksha.com will not be liable for breach of such information.</p><p data-block-key=\\\"20ts9\\\">Shiksha is neither affiliated with nor endorsed by any government organization. The Shiksha app doesn\\u2019t represent any government entity. The Shiksha team sources information about colleges &amp; exams from their respective official websites. We try to put our best effort to make sure that the information is genuine and updated regularly.</p><p data-block-key=\\\"3o2cs\\\">If you have any questions regarding this privacy policy or the protection of your personal data, please contact IEIL\\u2019s Data Protection Officer at the following:</p><p data-block-key=\\\"bra09\\\"><b>Data Protection Officer/ Grievance Officer</b>Info Edge (India) LimitedNoida GF-12A, Meghdoot, Nehru Place, New DelhiEmail: privacy@infoedge.com</p>\", \"id\": \"d201a5c0-9f58-4a7c-a1f1-d053f86b681b\"}]"}}, {"model": "home.homepage", "pk": 3, "fields": {"image": 4, "hero_text": "We help craft the finance needs", "hero_cta": "Learn More", "hero_cta_link": 4, "body": "[]", "promo_image": 4, "promo_title": "Detailed Statistics of your Company", "promo_text": "<p data-block-key=\"82xrm\">Praesent imperdiet, tellus et euismod euismod, risus lorem euismod erat, at finibus neque odio quis metus. Donec vulputate arcu quam. Morbi quis tincidunt ligula. Sed rutrum tincidunt pretium. Mauris auctor, purus a pulvinar fermentum, odio dui vehicula lorem, nec pharetra justo risus quis mi. Ut ac ex sagittis, viverra nisl vel, rhoncus odio.</p>", "featured_section_1_title": "", "featured_section_1": null, "featured_section_2_title": "", "featured_section_2": null, "featured_section_3_title": "", "featured_section_3": null}}, {"model": "home.formfield", "pk": 1, "fields": {"sort_order": 0, "clean_name": "name", "label": "Name", "field_type": "singleline", "required": true, "choices": "", "default_value": "", "help_text": "", "page": 7}}, {"model": "home.formpage", "pk": 7, "fields": {"to_address": "", "from_address": "info@dravate.com", "subject": "Thank you for Writing Us!", "image": 2, "body": "[{\"type\": \"paragraph_block\", \"value\": \"<p data-block-key=\\\"2jas0\\\">I am Contact Form</p>\", \"id\": \"fa17873b-466a-4aa4-8327-63f26de1b796\"}]", "thank_you_text": "<p data-block-key=\"iocz0\">Thank you</p>"}}, {"model": "home.sitesettings", "pk": 1, "fields": {"site": 2, "title_suffix": "Mutual Life"}}, {"model": "home.unblocklifelogo", "pk": 1, "fields": {"name": "Unblocklife Logo", "logo": 3}}, {"model": "courses.coursesindexpage", "pk": 4, "fields": {"summary": "I am Finance Courses", "image": 4}}, {"model": "courses.coursespagetag", "pk": 7, "fields": {"tag": 2, "content_object": 5}}, {"model": "courses.coursespage", "pk": 5, "fields": {"author": "Sopan Shewale", "date": "2024-07-17", "summary": "Master the technical skills needed to analyze financial statements and disclosures for use in financial analysis, and learn how accounting standards and managerial incentives affect the financial reporting process. By the end of this course, you'll be able to read the three most common financial statements: the income statement, balance sheet, and statement of cash flows. Then you can apply these skills to a real-world business challenge as part of the Wharton Business Foundations Specialization.", "start_date": "2024-07-17", "end_date": "2024-07-18", "feed_image": 4, "body": "[{\"type\": \"heading_block\", \"value\": {\"heading_text\": \"Week 1: Introduction and Balance Sheet\", \"size\": \"h2\"}, \"id\": \"d3eb94de-72c9-4203-aa3f-f406de8d8715\"}, {\"type\": \"paragraph_block\", \"value\": \"<p data-block-key=\\\"mq5nw\\\">Master the technical skills needed to analyze financial statements and disclosures for use in financial analysis, and learn how accounting standards and managerial incentives affect the financial reporting process. By the end of this course, you'll be able to read the three most common financial statements: the income statement, balance sheet, and statement of cash flows. Then you can apply these skills to a real-world business challenge as part of the Wharton Business Foundations Specialization.</p>\", \"id\": \"184be5aa-b60e-4043-8173-62ab39e25536\"}, {\"type\": \"heading_block\", \"value\": {\"heading_text\": \"Week 2: Accrual Accounting and the Income Statement\", \"size\": \"h2\"}, \"id\": \"ef43ad62-114e-4d3b-95ec-7e9c81eef170\"}, {\"type\": \"paragraph_block\", \"value\": \"<p data-block-key=\\\"s3whi\\\">Master the technical skills needed to analyze financial statements and disclosures for use in financial analysis, and learn how accounting standards and managerial incentives affect the financial reporting process. By the end of this course, you'll be able to read the three most common financial statements: the income statement, balance sheet, and statement of cash flows. Then you can apply these skills to a real-world business challenge as part of the Wharton Business Foundations Specialization.</p>\", \"id\": \"49ae9496-5f62-4577-8264-b5d78f36bf53\"}, {\"type\": \"heading_block\", \"value\": {\"heading_text\": \"Week 3: Cash Flows\", \"size\": \"h2\"}, \"id\": \"7bd637c3-badc-42e4-ab34-f2acb5ffc9d1\"}, {\"type\": \"paragraph_block\", \"value\": \"<p data-block-key=\\\"eozg3\\\">Master the technical skills needed to analyze financial statements and disclosures for use in financial analysis, and learn how accounting standards and managerial incentives affect the financial reporting process. By the end of this course, you'll be able to read the three most common financial statements: the income statement, balance sheet, and statement of cash flows. Then you can apply these skills to a real-world business challenge as part of the Wharton Business Foundations Specialization.</p>\", \"id\": \"5767cbd5-8498-4348-8d06-749909227b51\"}, {\"type\": \"heading_block\", \"value\": {\"heading_text\": \"Week 4: Ratio Analysis and Final Exam\", \"size\": \"h2\"}, \"id\": \"2fa2155d-2265-4fe6-833e-a4d2ed522ffd\"}, {\"type\": \"paragraph_block\", \"value\": \"<p data-block-key=\\\"eozg3\\\">Master the technical skills needed to analyze financial statements and disclosures for use in financial analysis, and learn how accounting standards and managerial incentives affect the financial reporting process. By the end of this course, you'll be able to read the three most common financial statements: the income statement, balance sheet, and statement of cash flows. Then you can apply these skills to a real-world business challenge as part of the Wharton Business Foundations Specialization.</p>\", \"id\": \"09d0b715-208a-42c2-8fb8-efcd4297bfe7\"}]", "trainers": "[{\"type\": \"profile\", \"value\": {\"image\": 5, \"firstname\": \"Sopan\", \"lastname\": \"Shewale\", \"title\": \"Technical  Evangelist\", \"linkedin\": \"https://www.linkedin.com/in/sopanshewale/\", \"short_profile\": \"Full Stack Developer with 25 years of Experience\"}, \"id\": \"4a480283-3bab-4e0c-9606-13d9bb2b0920\"}]"}}, {"model": "wagtailforms.formsubmission", "pk": 1, "fields": {"form_data": {"name": "SOpan"}, "page": 7, "submit_time": "2024-07-17T09:41:40.577Z"}}, {"model": "wagtailforms.formsubmission", "pk": 2, "fields": {"form_data": {"name": "SOpan"}, "page": 7, "submit_time": "2024-07-17T09:42:04.411Z"}}, {"model": "wagtailforms.formsubmission", "pk": 3, "fields": {"form_data": {"name": "SOpan"}, "page": 7, "submit_time": "2024-07-17T09:42:22.236Z"}}, {"model": "wagtailforms.formsubmission", "pk": 4, "fields": {"form_data": {"name": "SOpan"}, "page": 7, "submit_time": "2024-07-17T09:42:42.222Z"}}, {"model": "wagtailforms.formsubmission", "pk": 5, "fields": {"form_data": {"name": "SOpan"}, "page": 7, "submit_time": "2024-07-17T09:43:11.823Z"}}, {"model": "wagtailforms.formsubmission", "pk": 6, "fields": {"form_data": {"name": "SOpan"}, "page": 7, "submit_time": "2024-07-17T09:43:22.938Z"}}, {"model": "wagtailforms.formsubmission", "pk": 7, "fields": {"form_data": {"name": "Rajendra Sopan Jori"}, "page": 7, "submit_time": "2024-07-17T09:44:05.513Z"}}, {"model": "wagtailredirects.redirect", "pk": 1, "fields": {"old_path": "/finance-courses", "site": 2, "is_permanent": true, "redirect_page": 4, "redirect_page_route_path": "", "redirect_link": "", "automatically_created": true, "created_at": "2024-07-17T08:07:05.152Z"}}, {"model": "wagtailimages.image", "pk": 1, "fields": {"collection": 1, "title": "unblock_logo", "file": "original_images/unblock_logo.png", "width": 512, "height": 512, "created_at": "2024-07-16T10:36:16.306Z", "uploaded_by_user": 1, "focal_point_x": null, "focal_point_y": null, "focal_point_width": null, "focal_point_height": null, "file_size": 25837, "file_hash": "7cea6d60cbdeda300885c7f94a3beac7d07b9399"}}, {"model": "wagtailimages.image", "pk": 2, "fields": {"collection": 1, "title": "unblock_logo", "file": "original_images/unblock_logo_gUJrKCF.png", "width": 397, "height": 299, "created_at": "2024-07-16T10:50:53.906Z", "uploaded_by_user": 1, "focal_point_x": null, "focal_point_y": null, "focal_point_width": null, "focal_point_height": null, "file_size": 24215, "file_hash": "801f2b3d4b266f720ae8ffedd8d392445c437906"}}, {"model": "wagtailimages.image", "pk": 3, "fields": {"collection": 1, "title": "unblock_logo", "file": "original_images/unblock_logo_Ij6Gvyj.png", "width": 172, "height": 163, "created_at": "2024-07-16T11:22:29.850Z", "uploaded_by_user": 1, "focal_point_x": null, "focal_point_y": null, "focal_point_width": null, "focal_point_height": null, "file_size": 16154, "file_hash": "cf5bbeab42158e8dbbe2c7e335b54019eddb6293"}}, {"model": "wagtailimages.image", "pk": 4, "fields": {"collection": 1, "title": "cheerful-speaker-talking-looking-distance", "file": "original_images/unblocklife_hero.jpg", "width": 1000, "height": 667, "created_at": "2024-07-16T12:34:19.777Z", "uploaded_by_user": 1, "focal_point_x": null, "focal_point_y": null, "focal_point_width": null, "focal_point_height": null, "file_size": 456549, "file_hash": "5ac18611dc995988cc04033011ed98d04e3319e0"}}, {"model": "wagtailimages.image", "pk": 5, "fields": {"collection": 1, "title": "sopan_shewale", "file": "original_images/sopan_shewale.jpeg", "width": 512, "height": 512, "created_at": "2024-07-17T08:34:19.761Z", "uploaded_by_user": 1, "focal_point_x": null, "focal_point_y": null, "focal_point_width": null, "focal_point_height": null, "file_size": 22596, "file_hash": "7d9dcfee95c35c934878eaa367eae51d538ebe9e"}}, {"model": "wagtailimages.rendition", "pk": 1, "fields": {"filter_spec": "max-165x165", "file": "images/unblock_logo.max-165x165.png", "width": 165, "height": 165, "focal_point_key": "", "image": 1}}, {"model": "wagtailimages.rendition", "pk": 2, "fields": {"filter_spec": "fill-125x125", "file": "images/unblock_logo.2e16d0ba.fill-125x125.png", "width": 125, "height": 125, "focal_point_key": "2e16d0ba", "image": 1}}, {"model": "wagtailimages.rendition", "pk": 3, "fields": {"filter_spec": "fill-256x256", "file": "images/unblock_logo.2e16d0ba.fill-256x256.png", "width": 256, "height": 256, "focal_point_key": "2e16d0ba", "image": 1}}, {"model": "wagtailimages.rendition", "pk": 4, "fields": {"filter_spec": "fill-512x512", "file": "images/unblock_logo.2e16d0ba.fill-512x512.png", "width": 512, "height": 512, "focal_point_key": "2e16d0ba", "image": 1}}, {"model": "wagtailimages.rendition", "pk": 5, "fields": {"filter_spec": "fill-128x128", "file": "images/unblock_logo.2e16d0ba.fill-128x128.png", "width": 128, "height": 128, "focal_point_key": "2e16d0ba", "image": 1}}, {"model": "wagtailimages.rendition", "pk": 6, "fields": {"filter_spec": "max-165x165", "file": "images/unblock_logo_gUJrKCF.max-165x165.png", "width": 165, "height": 124, "focal_point_key": "", "image": 2}}, {"model": "wagtailimages.rendition", "pk": 7, "fields": {"filter_spec": "fill-128x128", "file": "images/unblock_logo_gUJrKCF.2e16d0ba.fill-128x128.png", "width": 128, "height": 128, "focal_point_key": "2e16d0ba", "image": 2}}, {"model": "wagtailimages.rendition", "pk": 8, "fields": {"filter_spec": "fill-256x256", "file": "images/unblock_logo_gUJrKCF.2e16d0ba.fill-256x256.png", "width": 256, "height": 256, "focal_point_key": "2e16d0ba", "image": 2}}, {"model": "wagtailimages.rendition", "pk": 9, "fields": {"filter_spec": "max-165x165", "file": "images/unblock_logo_Ij6Gvyj.max-165x165.png", "width": 165, "height": 156, "focal_point_key": "", "image": 3}}, {"model": "wagtailimages.rendition", "pk": 10, "fields": {"filter_spec": "fill-256x256", "file": "images/unblock_logo_Ij6Gvyj.2e16d0ba.fill-256x256.png", "width": 164, "height": 163, "focal_point_key": "2e16d0ba", "image": 3}}, {"model": "wagtailimages.rendition", "pk": 11, "fields": {"filter_spec": "max-165x165", "file": "images/unblocklife_hero.max-165x165.jpg", "width": 165, "height": 110, "focal_point_key": "", "image": 4}}, {"model": "wagtailimages.rendition", "pk": 12, "fields": {"filter_spec": "format-jpeg|fill-1920x900", "file": "images/unblocklife_hero.2e16d0ba.format-jpeg.fill-1920x900.jpg", "width": 1000, "height": 469, "focal_point_key": "2e16d0ba", "image": 4}}, {"model": "wagtailimages.rendition", "pk": 13, "fields": {"filter_spec": "format-jpeg|fill-800x650", "file": "images/unblocklife_hero.2e16d0ba.format-jpeg.fill-800x650.jpg", "width": 800, "height": 650, "focal_point_key": "2e16d0ba", "image": 4}}, {"model": "wagtailimages.rendition", "pk": 14, "fields": {"filter_spec": "format-avif|fill-1920x900", "file": "images/unblocklife_hero.2e16d0ba.format-avif.fill-1920x900.avif", "width": 1000, "height": 469, "focal_point_key": "2e16d0ba", "image": 4}}, {"model": "wagtailimages.rendition", "pk": 15, "fields": {"filter_spec": "format-avif|fill-800x650", "file": "images/unblocklife_hero.2e16d0ba.format-avif.fill-800x650.avif", "width": 800, "height": 650, "focal_point_key": "2e16d0ba", "image": 4}}, {"model": "wagtailimages.rendition", "pk": 16, "fields": {"filter_spec": "format-webp|fill-1920x900", "file": "images/unblocklife_hero.2e16d0ba.format-webp.fill-1920x900.webp", "width": 1000, "height": 469, "focal_point_key": "2e16d0ba", "image": 4}}, {"model": "wagtailimages.rendition", "pk": 17, "fields": {"filter_spec": "format-webp|fill-800x650", "file": "images/unblocklife_hero.2e16d0ba.format-webp.fill-800x650.webp", "width": 800, "height": 650, "focal_point_key": "2e16d0ba", "image": 4}}, {"model": "wagtailimages.rendition", "pk": 18, "fields": {"filter_spec": "format-jpeg|fill-590x413-c100", "file": "images/unblocklife_hero.2e16d0ba.format-jpeg.fill-590x413-c100.jpg", "width": 590, "height": 413, "focal_point_key": "2e16d0ba", "image": 4}}, {"model": "wagtailimages.rendition", "pk": 19, "fields": {"filter_spec": "format-webp|fill-590x413-c100", "file": "images/unblocklife_hero.2e16d0ba.format-webp.fill-590x413-c100.webp", "width": 590, "height": 413, "focal_point_key": "2e16d0ba", "image": 4}}, {"model": "wagtailimages.rendition", "pk": 20, "fields": {"filter_spec": "format-avif|fill-590x413-c100", "file": "images/unblocklife_hero.2e16d0ba.format-avif.fill-590x413-c100.avif", "width": 590, "height": 413, "focal_point_key": "2e16d0ba", "image": 4}}, {"model": "wagtailimages.rendition", "pk": 21, "fields": {"filter_spec": "fill-128x128", "file": "images/unblock_logo_Ij6Gvyj.2e16d0ba.fill-128x128.png", "width": 128, "height": 128, "focal_point_key": "2e16d0ba", "image": 3}}, {"model": "wagtailimages.rendition", "pk": 22, "fields": {"filter_spec": "max-165x165", "file": "images/sopan_shewale.max-165x165.jpg", "width": 165, "height": 165, "focal_point_key": "", "image": 5}}, {"model": "wagtailimages.rendition", "pk": 23, "fields": {"filter_spec": "format-jpeg|fill-1920x600", "file": "images/unblocklife_hero.2e16d0ba.format-jpeg.fill-1920x600.jpg", "width": 1000, "height": 313, "focal_point_key": "2e16d0ba", "image": 4}}, {"model": "wagtailimages.rendition", "pk": 24, "fields": {"filter_spec": "format-avif|fill-1920x600", "file": "images/unblocklife_hero.2e16d0ba.format-avif.fill-1920x600.avif", "width": 1000, "height": 313, "focal_point_key": "2e16d0ba", "image": 4}}, {"model": "wagtailimages.rendition", "pk": 25, "fields": {"filter_spec": "format-webp|fill-1920x600", "file": "images/unblocklife_hero.2e16d0ba.format-webp.fill-1920x600.webp", "width": 1000, "height": 313, "focal_point_key": "2e16d0ba", "image": 4}}, {"model": "wagtailimages.rendition", "pk": 26, "fields": {"filter_spec": "format-jpeg|width-150", "file": "images/sopan_shewale.format-jpeg.width-150.jpg", "width": 150, "height": 150, "focal_point_key": "", "image": 5}}, {"model": "wagtailimages.rendition", "pk": 27, "fields": {"filter_spec": "format-webp|width-150", "file": "images/sopan_shewale.format-webp.width-150.webp", "width": 150, "height": 150, "focal_point_key": "", "image": 5}}, {"model": "wagtailimages.rendition", "pk": 28, "fields": {"filter_spec": "format-avif|width-150", "file": "images/sopan_shewale.format-avif.width-150.avif", "width": 150, "height": 150, "focal_point_key": "", "image": 5}}, {"model": "wagtailimages.rendition", "pk": 29, "fields": {"filter_spec": "fill-840x240", "file": "images/unblocklife_hero.2e16d0ba.fill-840x240.jpg", "width": 840, "height": 240, "focal_point_key": "2e16d0ba", "image": 4}}, {"model": "wagtailsearch.sqliteftsindexentry", "pk": 1, "fields": {"autocomplete": "unblock_logo", "title": "unblock_logo", "body": ""}}, {"model": "wagtailsearch.sqliteftsindexentry", "pk": 2, "fields": {"autocomplete": "unblock_logo", "title": "unblock_logo", "body": ""}}, {"model": "wagtailsearch.sqliteftsindexentry", "pk": 3, "fields": {"autocomplete": "unblock_logo", "title": "unblock_logo", "body": ""}}, {"model": "wagtailsearch.sqliteftsindexentry", "pk": 4, "fields": {"autocomplete": "cheerful-speaker-talking-looking-distance", "title": "cheerful-speaker-talking-looking-distance", "body": ""}}, {"model": "wagtailsearch.sqliteftsindexentry", "pk": 5, "fields": {"autocomplete": "We help Craft Dreams of Needy Students!", "title": "We help Craft Dreams of Needy Students!", "body": ""}}, {"model": "wagtailsearch.sqliteftsindexentry", "pk": 6, "fields": {"autocomplete": "Finance Courses", "title": "Finance Courses", "body": ""}}, {"model": "wagtailsearch.sqliteftsindexentry", "pk": 7, "fields": {"autocomplete": "sopan_shewale sopan", "title": "sopan_shewale", "body": "sopan"}}, {"model": "wagtailsearch.sqliteftsindexentry", "pk": 8, "fields": {"autocomplete": "Introduction to Financial Accounting", "title": "Introduction to Financial Accounting", "body": "Master the technical skills needed to analyze financial statements and disclosures for use in financial analysis, and learn how accounting standards and managerial incentives affect the financial reporting process. By the end of this course, you'll be able to read the three most common financial statements: the income statement, balance sheet, and statement of cash flows. Then you can apply these skills to a real-world business challenge as part of the Wharton Business Foundations Specialization. Sopan Shewale Week 1: Introduction and Balance Sheet, H2, Master the technical skills needed to analyze financial statements and disclosures for use in financial analysis, and learn how accounting standards and managerial incentives affect the financial reporting process. By the end of this course, you'll be able to read the three most common financial statements: the income statement, balance sheet, and statement of cash flows. Then you can apply these skills to a real-world business challenge as part of the Wharton Business Foundations Specialization., Week 2: Accrual Accounting and the Income Statement, H2, Master the technical skills needed to analyze financial statements and disclosures for use in financial analysis, and learn how accounting standards and managerial incentives affect the financial reporting process. By the end of this course, you'll be able to read the three most common financial statements: the income statement, balance sheet, and statement of cash flows. Then you can apply these skills to a real-world business challenge as part of the Wharton Business Foundations Specialization., Week 3: Cash Flows, H2, Master the technical skills needed to analyze financial statements and disclosures for use in financial analysis, and learn how accounting standards and managerial incentives affect the financial reporting process. By the end of this course, you'll be able to read the three most common financial statements: the income statement, balance sheet, and statement of cash flows. Then you can apply these skills to a real-world business challenge as part of the Wharton Business Foundations Specialization., Week 4: Ratio Analysis and Final Exam, H2, Master the technical skills needed to analyze financial statements and disclosures for use in financial analysis, and learn how accounting standards and managerial incentives affect the financial reporting process. By the end of this course, you'll be able to read the three most common financial statements: the income statement, balance sheet, and statement of cash flows. Then you can apply these skills to a real-world business challenge as part of the Wharton Business Foundations Specialization. Sopan, Shewale, Technical  Evangelist, https://www.linkedin.com/in/sopanshewale/, Full Stack Developer with 25 years of Experience"}}, {"model": "wagtailsearch.sqliteftsindexentry", "pk": 9, "fields": {"autocomplete": "About", "title": "About", "body": ""}}, {"model": "wagtailsearch.sqliteftsindexentry", "pk": 10, "fields": {"autocomplete": "Contact", "title": "Contact", "body": ""}}, {"model": "wagtailsearch.sqliteftsindexentry", "pk": 11, "fields": {"autocomplete": "Privacy Policy", "title": "Privacy Policy", "body": ""}}, {"model": "wagtailsearch.indexentry", "pk": 1, "fields": {"content_type": 2, "object_id": "1", "title_norm": 1.6041666666666667, "autocomplete": "unblock_logo", "title": "unblock_logo", "body": ""}}, {"model": "wagtailsearch.indexentry", "pk": 2, "fields": {"content_type": 2, "object_id": "2", "title_norm": 1.6041666666666667, "autocomplete": "unblock_logo", "title": "unblock_logo", "body": ""}}, {"model": "wagtailsearch.indexentry", "pk": 3, "fields": {"content_type": 2, "object_id": "3", "title_norm": 1.6041666666666667, "autocomplete": "unblock_logo", "title": "unblock_logo", "body": ""}}, {"model": "wagtailsearch.indexentry", "pk": 4, "fields": {"content_type": 2, "object_id": "4", "title_norm": 0.4695121951219512, "autocomplete": "cheerful-speaker-talking-looking-distance", "title": "cheerful-speaker-talking-looking-distance", "body": ""}}, {"model": "wagtailsearch.indexentry", "pk": 5, "fields": {"content_type": 4, "object_id": "3", "title_norm": 4.05, "autocomplete": "We help Craft Dreams of Needy Students!", "title": "We help Craft Dreams of Needy Students!", "body": ""}}, {"model": "wagtailsearch.indexentry", "pk": 6, "fields": {"content_type": 56, "object_id": "4", "title_norm": 1.0666666666666667, "autocomplete": "Finance Courses", "title": "Finance Courses", "body": ""}}, {"model": "wagtailsearch.indexentry", "pk": 7, "fields": {"content_type": 2, "object_id": "5", "title_norm": 1.1978021978021978, "autocomplete": "sopan_shewale sopan", "title": "sopan_shewale", "body": "sopan"}}, {"model": "wagtailsearch.indexentry", "pk": 8, "fields": {"content_type": 55, "object_id": "5", "title_norm": 4.666666666666667, "autocomplete": "Introduction to Financial Accounting", "title": "Introduction to Financial Accounting", "body": "Master the technical skills needed to analyze financial statements and disclosures for use in financial analysis, and learn how accounting standards and managerial incentives affect the financial reporting process. By the end of this course, you'll be able to read the three most common financial statements: the income statement, balance sheet, and statement of cash flows. Then you can apply these skills to a real-world business challenge as part of the Wharton Business Foundations Specialization. Sopan Shewale Week 1: Introduction and Balance Sheet, H2, Master the technical skills needed to analyze financial statements and disclosures for use in financial analysis, and learn how accounting standards and managerial incentives affect the financial reporting process. By the end of this course, you'll be able to read the three most common financial statements: the income statement, balance sheet, and statement of cash flows. Then you can apply these skills to a real-world business challenge as part of the Wharton Business Foundations Specialization., Week 2: Accrual Accounting and the Income Statement, H2, Master the technical skills needed to analyze financial statements and disclosures for use in financial analysis, and learn how accounting standards and managerial incentives affect the financial reporting process. By the end of this course, you'll be able to read the three most common financial statements: the income statement, balance sheet, and statement of cash flows. Then you can apply these skills to a real-world business challenge as part of the Wharton Business Foundations Specialization., Week 3: Cash Flows, H2, Master the technical skills needed to analyze financial statements and disclosures for use in financial analysis, and learn how accounting standards and managerial incentives affect the financial reporting process. By the end of this course, you'll be able to read the three most common financial statements: the income statement, balance sheet, and statement of cash flows. Then you can apply these skills to a real-world business challenge as part of the Wharton Business Foundations Specialization., Week 4: Ratio Analysis and Final Exam, H2, Master the technical skills needed to analyze financial statements and disclosures for use in financial analysis, and learn how accounting standards and managerial incentives affect the financial reporting process. By the end of this course, you'll be able to read the three most common financial statements: the income statement, balance sheet, and statement of cash flows. Then you can apply these skills to a real-world business challenge as part of the Wharton Business Foundations Specialization. Sopan, Shewale, Technical  Evangelist, https://www.linkedin.com/in/sopanshewale/, Full Stack Developer with 25 years of Experience"}}, {"model": "wagtailsearch.indexentry", "pk": 9, "fields": {"content_type": 29, "object_id": "6", "title_norm": 2.6, "autocomplete": "About", "title": "About", "body": ""}}, {"model": "wagtailsearch.indexentry", "pk": 10, "fields": {"content_type": 33, "object_id": "7", "title_norm": 3.1399999999999997, "autocomplete": "Contact", "title": "Contact", "body": ""}}, {"model": "wagtailsearch.indexentry", "pk": 11, "fields": {"content_type": 29, "object_id": "8", "title_norm": 1.1233766233766234, "autocomplete": "Privacy Policy", "title": "Privacy Policy", "body": ""}}, {"model": "wagtailcore.locale", "pk": 1, "fields": {"language_code": "en"}}, {"model": "wagtailcore.site", "pk": 2, "fields": {"hostname": "localhost", "port": 80, "site_name": "", "root_page": 3, "is_default_site": true}}, {"model": "wagtailcore.modellogentry", "pk": 1, "fields": {"content_type": 53, "label": "Unblocklife Logo", "action": "wagtail.create", "data": {}, "timestamp": "2024-07-16T10:36:19.168Z", "uuid": "6ada13ed-4a47-4495-a79e-b4f9213f8efa", "user": 1, "revision": null, "content_changed": true, "deleted": false, "object_id": "1"}}, {"model": "wagtailcore.modellogentry", "pk": 2, "fields": {"content_type": 53, "label": "Unblocklife Logo", "action": "wagtail.edit", "data": {}, "timestamp": "2024-07-16T10:50:55.520Z", "uuid": "18e3dd69-e412-4a61-9ac2-6166056f36c8", "user": 1, "revision": null, "content_changed": true, "deleted": false, "object_id": "1"}}, {"model": "wagtailcore.modellogentry", "pk": 3, "fields": {"content_type": 53, "label": "Unblocklife Logo", "action": "wagtail.edit", "data": {}, "timestamp": "2024-07-16T11:22:31.326Z", "uuid": "b9f03991-1864-4b88-8ec1-b50afa363553", "user": 1, "revision": null, "content_changed": true, "deleted": false, "object_id": "1"}}, {"model": "wagtailcore.modellogentry", "pk": 4, "fields": {"content_type": 30, "label": "site settings for localhost [default]", "action": "wagtail.edit", "data": {}, "timestamp": "2024-07-17T14:10:08.253Z", "uuid": "05fb0f2d-4280-4826-8f8a-759bb8c0d88b", "user": 1, "revision": null, "content_changed": true, "deleted": false, "object_id": "1"}}, {"model": "wagtailcore.collection", "pk": 1, "fields": {"path": "0001", "depth": 1, "numchild": 0, "name": "Root"}}, {"model": "wagtailcore.groupcollectionpermission", "pk": 1, "fields": {"group": 2, "collection": 1, "permission": 1}}, {"model": "wagtailcore.groupcollectionpermission", "pk": 2, "fields": {"group": 1, "collection": 1, "permission": 1}}, {"model": "wagtailcore.groupcollectionpermission", "pk": 3, "fields": {"group": 2, "collection": 1, "permission": 2}}, {"model": "wagtailcore.groupcollectionpermission", "pk": 4, "fields": {"group": 1, "collection": 1, "permission": 2}}, {"model": "wagtailcore.groupcollectionpermission", "pk": 5, "fields": {"group": 2, "collection": 1, "permission": 102}}, {"model": "wagtailcore.groupcollectionpermission", "pk": 6, "fields": {"group": 1, "collection": 1, "permission": 102}}, {"model": "wagtailcore.groupcollectionpermission", "pk": 7, "fields": {"group": 2, "collection": 1, "permission": 103}}, {"model": "wagtailcore.groupcollectionpermission", "pk": 8, "fields": {"group": 1, "collection": 1, "permission": 103}}, {"model": "wagtailcore.groupcollectionpermission", "pk": 9, "fields": {"group": 2, "collection": 1, "permission": 105}}, {"model": "wagtailcore.groupcollectionpermission", "pk": 10, "fields": {"group": 1, "collection": 1, "permission": 105}}, {"model": "wagtailcore.referenceindex", "pk": 1, "fields": {"content_type": 2, "base_content_type": 2, "object_id": "1", "to_content_type": 9, "to_object_id": "1", "model_path": "collection", "content_path": "collection", "content_path_hash": "b40b1263-e929-57f2-a7f8-9dbce56b887b"}}, {"model": "wagtailcore.referenceindex", "pk": 3, "fields": {"content_type": 2, "base_content_type": 2, "object_id": "2", "to_content_type": 9, "to_object_id": "1", "model_path": "collection", "content_path": "collection", "content_path_hash": "b40b1263-e929-57f2-a7f8-9dbce56b887b"}}, {"model": "wagtailcore.referenceindex", "pk": 5, "fields": {"content_type": 2, "base_content_type": 2, "object_id": "3", "to_content_type": 9, "to_object_id": "1", "model_path": "collection", "content_path": "collection", "content_path_hash": "b40b1263-e929-57f2-a7f8-9dbce56b887b"}}, {"model": "wagtailcore.referenceindex", "pk": 6, "fields": {"content_type": 53, "base_content_type": 53, "object_id": "1", "to_content_type": 2, "to_object_id": "3", "model_path": "logo", "content_path": "logo", "content_path_hash": "ba402699-341b-59f7-bfe3-4d8ea0405a39"}}, {"model": "wagtailcore.referenceindex", "pk": 7, "fields": {"content_type": 2, "base_content_type": 2, "object_id": "4", "to_content_type": 9, "to_object_id": "1", "model_path": "collection", "content_path": "collection", "content_path_hash": "b40b1263-e929-57f2-a7f8-9dbce56b887b"}}, {"model": "wagtailcore.referenceindex", "pk": 8, "fields": {"content_type": 4, "base_content_type": 1, "object_id": "3", "to_content_type": 2, "to_object_id": "4", "model_path": "image", "content_path": "image", "content_path_hash": "3cb1a537-a728-548b-b207-8423b6010580"}}, {"model": "wagtailcore.referenceindex", "pk": 10, "fields": {"content_type": 4, "base_content_type": 1, "object_id": "3", "to_content_type": 2, "to_object_id": "4", "model_path": "promo_image", "content_path": "promo_image", "content_path_hash": "abfbb103-e548-5a1d-aeda-369aa6228e95"}}, {"model": "wagtailcore.referenceindex", "pk": 11, "fields": {"content_type": 56, "base_content_type": 1, "object_id": "4", "to_content_type": 2, "to_object_id": "4", "model_path": "image", "content_path": "image", "content_path_hash": "3cb1a537-a728-548b-b207-8423b6010580"}}, {"model": "wagtailcore.referenceindex", "pk": 12, "fields": {"content_type": 2, "base_content_type": 2, "object_id": "5", "to_content_type": 9, "to_object_id": "1", "model_path": "collection", "content_path": "collection", "content_path_hash": "b40b1263-e929-57f2-a7f8-9dbce56b887b"}}, {"model": "wagtailcore.referenceindex", "pk": 14, "fields": {"content_type": 55, "base_content_type": 1, "object_id": "5", "to_content_type": 2, "to_object_id": "5", "model_path": "trainers.profile.image", "content_path": "trainers.4a480283-3bab-4e0c-9606-13d9bb2b0920.image", "content_path_hash": "7ed0c6b4-8c00-5ca0-b73a-31d250ea8da0"}}, {"model": "wagtailcore.referenceindex", "pk": 18, "fields": {"content_type": 29, "base_content_type": 1, "object_id": "6", "to_content_type": 2, "to_object_id": "4", "model_path": "image", "content_path": "image", "content_path_hash": "3cb1a537-a728-548b-b207-8423b6010580"}}, {"model": "wagtailcore.referenceindex", "pk": 19, "fields": {"content_type": 4, "base_content_type": 1, "object_id": "3", "to_content_type": 1, "to_object_id": "4", "model_path": "hero_cta_link", "content_path": "hero_cta_link", "content_path_hash": "4dd68ee5-2133-514e-ab18-c39ada0704d5"}}, {"model": "wagtailcore.referenceindex", "pk": 20, "fields": {"content_type": 33, "base_content_type": 1, "object_id": "7", "to_content_type": 2, "to_object_id": "2", "model_path": "image", "content_path": "image", "content_path_hash": "3cb1a537-a728-548b-b207-8423b6010580"}}, {"model": "wagtailcore.referenceindex", "pk": 21, "fields": {"content_type": 29, "base_content_type": 1, "object_id": "8", "to_content_type": 2, "to_object_id": "4", "model_path": "image", "content_path": "image", "content_path_hash": "3cb1a537-a728-548b-b207-8423b6010580"}}, {"model": "wagtailcore.referenceindex", "pk": 22, "fields": {"content_type": 55, "base_content_type": 1, "object_id": "5", "to_content_type": 45, "to_object_id": "2", "model_path": "tagged_items.item.tag", "content_path": "tagged_items.None.tag", "content_path_hash": "ba6661ca-69a8-5ae1-a6aa-fb67dbf805eb"}}, {"model": "wagtailcore.referenceindex", "pk": 23, "fields": {"content_type": 55, "base_content_type": 1, "object_id": "5", "to_content_type": 2, "to_object_id": "4", "model_path": "feed_image", "content_path": "feed_image", "content_path_hash": "0dc5177c-8fc4-5e50-b0af-851e650f647f"}}, {"model": "wagtailcore.page", "pk": 1, "fields": {"path": "0001", "depth": 1, "numchild": 1, "translation_key": "ab6ce1a6-cdc7-459f-9013-42f621fdcf27", "locale": 1, "latest_revision": null, "live": true, "has_unpublished_changes": false, "first_published_at": null, "last_published_at": null, "live_revision": null, "go_live_at": null, "expire_at": null, "expired": false, "locked": false, "locked_at": null, "locked_by": null, "title": "Root", "draft_title": "Root", "slug": "root", "content_type": 1, "url_path": "/", "owner": null, "seo_title": "", "show_in_menus": false, "search_description": "", "latest_revision_created_at": null, "alias_of": null}}, {"model": "wagtailcore.page", "pk": 3, "fields": {"path": "00010001", "depth": 2, "numchild": 4, "translation_key": "ab3bf0a5-0dca-42b3-89be-b50129368ce0", "locale": 1, "latest_revision": 9, "live": true, "has_unpublished_changes": false, "first_published_at": "2024-07-16T12:34:53.882Z", "last_published_at": "2024-07-17T09:08:53.809Z", "live_revision": 9, "go_live_at": null, "expire_at": null, "expired": false, "locked": false, "locked_at": null, "locked_by": null, "title": "We help Craft Dreams of Needy Students!", "draft_title": "We help Craft Dreams of Needy Students!", "slug": "home", "content_type": 4, "url_path": "/home/", "owner": null, "seo_title": "", "show_in_menus": false, "search_description": "", "latest_revision_created_at": "2024-07-17T09:08:53.791Z", "alias_of": null}}, {"model": "wagtailcore.page", "pk": 4, "fields": {"path": "000100010001", "depth": 3, "numchild": 1, "translation_key": "afd02afb-7aad-496d-9556-a53bd8221d3f", "locale": 1, "latest_revision": 3, "live": true, "has_unpublished_changes": false, "first_published_at": "2024-07-17T08:06:33.038Z", "last_published_at": "2024-07-17T08:07:05.133Z", "live_revision": 3, "go_live_at": null, "expire_at": null, "expired": false, "locked": false, "locked_at": null, "locked_by": null, "title": "Finance Courses", "draft_title": "Finance Courses", "slug": "courses", "content_type": 56, "url_path": "/home/courses/", "owner": 1, "seo_title": "", "show_in_menus": false, "search_description": "", "latest_revision_created_at": "2024-07-17T08:07:05.119Z", "alias_of": null}}, {"model": "wagtailcore.page", "pk": 5, "fields": {"path": "0001000100010001", "depth": 4, "numchild": 0, "translation_key": "763f11db-21e2-4aa0-9607-8a171dcebd39", "locale": 1, "latest_revision": 18, "live": true, "has_unpublished_changes": false, "first_published_at": "2024-07-17T08:34:54.976Z", "last_published_at": "2024-07-18T10:03:27.084Z", "live_revision": 18, "go_live_at": null, "expire_at": null, "expired": false, "locked": false, "locked_at": null, "locked_by": null, "title": "Introduction to Financial Accounting", "draft_title": "Introduction to Financial Accounting", "slug": "one", "content_type": 55, "url_path": "/home/courses/one/", "owner": 1, "seo_title": "", "show_in_menus": false, "search_description": "", "latest_revision_created_at": "2024-07-18T10:03:27.061Z", "alias_of": null}}, {"model": "wagtailcore.page", "pk": 6, "fields": {"path": "000100010002", "depth": 3, "numchild": 0, "translation_key": "94b04597-580b-4f45-b996-7b4c2536456f", "locale": 1, "latest_revision": 6, "live": true, "has_unpublished_changes": false, "first_published_at": "2024-07-17T08:36:51.842Z", "last_published_at": "2024-07-17T08:36:51.842Z", "live_revision": 6, "go_live_at": null, "expire_at": null, "expired": false, "locked": false, "locked_at": null, "locked_by": null, "title": "About", "draft_title": "About", "slug": "about", "content_type": 29, "url_path": "/home/about/", "owner": 1, "seo_title": "", "show_in_menus": false, "search_description": "", "latest_revision_created_at": "2024-07-17T08:36:51.830Z", "alias_of": null}}, {"model": "wagtailcore.page", "pk": 7, "fields": {"path": "000100010003", "depth": 3, "numchild": 0, "translation_key": "16fb54b3-590e-47f2-99d6-a88c754a685c", "locale": 1, "latest_revision": 12, "live": true, "has_unpublished_changes": false, "first_published_at": "2024-07-17T09:37:55.618Z", "last_published_at": "2024-07-17T09:38:35.955Z", "live_revision": 12, "go_live_at": null, "expire_at": null, "expired": false, "locked": false, "locked_at": null, "locked_by": null, "title": "Contact", "draft_title": "Contact", "slug": "contact", "content_type": 33, "url_path": "/home/contact/", "owner": 1, "seo_title": "", "show_in_menus": false, "search_description": "", "latest_revision_created_at": "2024-07-17T09:38:35.939Z", "alias_of": null}}, {"model": "wagtailcore.page", "pk": 8, "fields": {"path": "000100010004", "depth": 3, "numchild": 0, "translation_key": "ab00dc9a-c55e-486b-b92b-111dfbc20047", "locale": 1, "latest_revision": 19, "live": true, "has_unpublished_changes": false, "first_published_at": "2024-07-17T10:15:53.380Z", "last_published_at": "2024-07-20T10:12:21.829Z", "live_revision": 19, "go_live_at": null, "expire_at": null, "expired": false, "locked": false, "locked_at": null, "locked_by": null, "title": "Privacy Policy", "draft_title": "Privacy Policy", "slug": "privacy-policy", "content_type": 29, "url_path": "/home/privacy-policy/", "owner": 1, "seo_title": "", "show_in_menus": false, "search_description": "", "latest_revision_created_at": "2024-07-20T10:12:21.804Z", "alias_of": null}}, {"model": "wagtailcore.revision", "pk": 1, "fields": {"content_type": 4, "base_content_type": 1, "object_id": "3", "created_at": "2024-07-16T12:34:53.866Z", "user": 1, "object_str": "Home", "content": {"pk": 3, "path": "00010001", "depth": 2, "numchild": 0, "translation_key": "ab3bf0a5-0dca-42b3-89be-b50129368ce0", "locale": 1, "latest_revision": null, "live": true, "has_unpublished_changes": false, "first_published_at": null, "last_published_at": null, "live_revision": null, "go_live_at": null, "expire_at": null, "expired": false, "locked": false, "locked_at": null, "locked_by": null, "title": "Home", "draft_title": "Home", "slug": "home", "content_type": 4, "url_path": "/home/", "owner": null, "seo_title": "", "show_in_menus": false, "search_description": "", "latest_revision_created_at": null, "alias_of": null, "image": 4, "hero_text": "We help craft the finance needs", "hero_cta": "Learn More", "hero_cta_link": 3, "body": "[]", "promo_image": 4, "promo_title": "We are here", "promo_text": "<p data-block-key=\"82xrm\">We are writing promptional text</p>", "featured_section_1_title": "", "featured_section_1": null, "featured_section_2_title": "", "featured_section_2": null, "featured_section_3_title": "", "featured_section_3": null, "wagtail_admin_comments": []}, "approved_go_live_at": null}}, {"model": "wagtailcore.revision", "pk": 2, "fields": {"content_type": 56, "base_content_type": 1, "object_id": "4", "created_at": "2024-07-17T08:06:33.024Z", "user": 1, "object_str": "Finance Courses", "content": {"pk": 4, "path": "000100010001", "depth": 3, "numchild": 0, "translation_key": "afd02afb-7aad-496d-9556-a53bd8221d3f", "locale": 1, "latest_revision": null, "live": true, "has_unpublished_changes": false, "first_published_at": null, "last_published_at": null, "live_revision": null, "go_live_at": null, "expire_at": null, "expired": false, "locked": false, "locked_at": null, "locked_by": null, "title": "Finance Courses", "draft_title": "Finance Courses", "slug": "finance-courses", "content_type": 56, "url_path": "/home/finance-courses/", "owner": 1, "seo_title": "", "show_in_menus": false, "search_description": "", "latest_revision_created_at": null, "alias_of": null, "summary": "I am Finance Courses", "image": 4, "wagtail_admin_comments": []}, "approved_go_live_at": null}}, {"model": "wagtailcore.revision", "pk": 3, "fields": {"content_type": 56, "base_content_type": 1, "object_id": "4", "created_at": "2024-07-17T08:07:05.119Z", "user": 1, "object_str": "Finance Courses", "content": {"pk": 4, "path": "000100010001", "depth": 3, "numchild": 0, "translation_key": "afd02afb-7aad-496d-9556-a53bd8221d3f", "locale": 1, "latest_revision": 2, "live": true, "has_unpublished_changes": false, "first_published_at": "2024-07-17T08:06:33.038Z", "last_published_at": "2024-07-17T08:06:33.038Z", "live_revision": 2, "go_live_at": null, "expire_at": null, "expired": false, "locked": false, "locked_at": null, "locked_by": null, "title": "Finance Courses", "draft_title": "Finance Courses", "slug": "courses", "content_type": 56, "url_path": "/home/finance-courses/", "owner": 1, "seo_title": "", "show_in_menus": false, "search_description": "", "latest_revision_created_at": "2024-07-17T08:06:33.024Z", "alias_of": null, "summary": "I am Finance Courses", "image": 4, "wagtail_admin_comments": []}, "approved_go_live_at": null}}, {"model": "wagtailcore.revision", "pk": 4, "fields": {"content_type": 55, "base_content_type": 1, "object_id": "5", "created_at": "2024-07-17T08:34:51.346Z", "user": 1, "object_str": "One", "content": {"pk": 5, "path": "0001000100010001", "depth": 4, "numchild": 0, "translation_key": "763f11db-21e2-4aa0-9607-8a171dcebd39", "locale": 1, "latest_revision": null, "live": false, "has_unpublished_changes": false, "first_published_at": null, "last_published_at": null, "live_revision": null, "go_live_at": null, "expire_at": null, "expired": false, "locked": false, "locked_at": null, "locked_by": null, "title": "One", "draft_title": "One", "slug": "one", "content_type": 55, "url_path": "/home/courses/one/", "owner": 1, "seo_title": "", "show_in_menus": false, "search_description": "", "latest_revision_created_at": null, "alias_of": null, "author": "Sopan Shewale", "date": "2024-07-17", "summary": "In this video we're going to explore how to add a new app to our Wagtail CMS website, how to install it, and how to add the custom page model. We'll be creating a brand new Wagtail Page from scratch.", "start_date": "2024-07-17", "end_date": "2024-07-18", "feed_image": null, "body": "[{\"type\": \"paragraph_block\", \"value\": \"<p data-block-key=\\\"mq5nw\\\">Hello</p>\", \"id\": \"184be5aa-b60e-4043-8173-62ab39e25536\"}]", "trainers": "[{\"type\": \"profile\", \"value\": {\"image\": 5, \"firstname\": \"Sopan\", \"lastname\": \"Shewale\", \"title\": \"Technical  Evangelist\", \"linkedin\": \"https://www.linkedin.com/in/sopanshewale/\", \"short_profile\": \"Full Stack Developer with 25 years of Experience\"}, \"id\": \"4a480283-3bab-4e0c-9606-13d9bb2b0920\"}]", "wagtail_admin_comments": [], "tagged_items": [{"pk": 1, "tag": 2, "content_object": 5}]}, "approved_go_live_at": null}}, {"model": "wagtailcore.revision", "pk": 5, "fields": {"content_type": 55, "base_content_type": 1, "object_id": "5", "created_at": "2024-07-17T08:34:54.963Z", "user": 1, "object_str": "One", "content": {"pk": 5, "path": "0001000100010001", "depth": 4, "numchild": 0, "translation_key": "763f11db-21e2-4aa0-9607-8a171dcebd39", "locale": 1, "latest_revision": 4, "live": false, "has_unpublished_changes": true, "first_published_at": null, "last_published_at": null, "live_revision": null, "go_live_at": null, "expire_at": null, "expired": false, "locked": false, "locked_at": null, "locked_by": null, "title": "One", "draft_title": "One", "slug": "one", "content_type": 55, "url_path": "/home/courses/one/", "owner": 1, "seo_title": "", "show_in_menus": false, "search_description": "", "latest_revision_created_at": "2024-07-17T08:34:51.346Z", "alias_of": null, "author": "Sopan Shewale", "date": "2024-07-17", "summary": "In this video we're going to explore how to add a new app to our Wagtail CMS website, how to install it, and how to add the custom page model. We'll be creating a brand new Wagtail Page from scratch.", "start_date": "2024-07-17", "end_date": "2024-07-18", "feed_image": null, "body": "[{\"type\": \"paragraph_block\", \"value\": \"<p data-block-key=\\\"mq5nw\\\">Hello</p>\", \"id\": \"184be5aa-b60e-4043-8173-62ab39e25536\"}]", "trainers": "[{\"type\": \"profile\", \"value\": {\"image\": 5, \"firstname\": \"Sopan\", \"lastname\": \"Shewale\", \"title\": \"Technical  Evangelist\", \"linkedin\": \"https://www.linkedin.com/in/sopanshewale/\", \"short_profile\": \"Full Stack Developer with 25 years of Experience\"}, \"id\": \"4a480283-3bab-4e0c-9606-13d9bb2b0920\"}]", "wagtail_admin_comments": [], "tagged_items": [{"pk": 2, "tag": 2, "content_object": 5}]}, "approved_go_live_at": null}}, {"model": "wagtailcore.revision", "pk": 6, "fields": {"content_type": 29, "base_content_type": 1, "object_id": "6", "created_at": "2024-07-17T08:36:51.830Z", "user": 1, "object_str": "About", "content": {"pk": 6, "path": "00010002", "depth": 2, "numchild": 0, "translation_key": "94b04597-580b-4f45-b996-7b4c2536456f", "locale": 1, "latest_revision": null, "live": true, "has_unpublished_changes": false, "first_published_at": null, "last_published_at": null, "live_revision": null, "go_live_at": null, "expire_at": null, "expired": false, "locked": false, "locked_at": null, "locked_by": null, "title": "About", "draft_title": "About", "slug": "about", "content_type": 29, "url_path": "/about/", "owner": 1, "seo_title": "", "show_in_menus": false, "search_description": "", "latest_revision_created_at": null, "alias_of": null, "introduction": "We are bunch of technical folks", "image": 4, "body": "[{\"type\": \"paragraph_block\", \"value\": \"<p data-block-key=\\\"urjff\\\">bunch of techncial folks</p>\", \"id\": \"dbb667bd-e974-4433-9145-080fc9062296\"}]", "wagtail_admin_comments": []}, "approved_go_live_at": null}}, {"model": "wagtailcore.revision", "pk": 7, "fields": {"content_type": 4, "base_content_type": 1, "object_id": "3", "created_at": "2024-07-17T08:50:43.167Z", "user": 1, "object_str": "We help Craft Dreams of Needy Students!", "content": {"pk": 3, "path": "00010001", "depth": 2, "numchild": 2, "translation_key": "ab3bf0a5-0dca-42b3-89be-b50129368ce0", "locale": 1, "latest_revision": 1, "live": true, "has_unpublished_changes": false, "first_published_at": "2024-07-16T12:34:53.882Z", "last_published_at": "2024-07-16T12:34:53.882Z", "live_revision": 1, "go_live_at": null, "expire_at": null, "expired": false, "locked": false, "locked_at": null, "locked_by": null, "title": "We help Craft Dreams of Needy Students!", "draft_title": "Home", "slug": "home", "content_type": 4, "url_path": "/home/", "owner": null, "seo_title": "", "show_in_menus": false, "search_description": "", "latest_revision_created_at": "2024-07-16T12:34:53.866Z", "alias_of": null, "image": 4, "hero_text": "We help craft the finance needs", "hero_cta": "Learn More", "hero_cta_link": 3, "body": "[]", "promo_image": 4, "promo_title": "We are here", "promo_text": "<p data-block-key=\"82xrm\">We are writing promptional text</p>", "featured_section_1_title": "", "featured_section_1": null, "featured_section_2_title": "", "featured_section_2": null, "featured_section_3_title": "", "featured_section_3": null, "wagtail_admin_comments": []}, "approved_go_live_at": null}}, {"model": "wagtailcore.revision", "pk": 8, "fields": {"content_type": 4, "base_content_type": 1, "object_id": "3", "created_at": "2024-07-17T08:53:49.548Z", "user": 1, "object_str": "We help Craft Dreams of Needy Students!", "content": {"pk": 3, "path": "00010001", "depth": 2, "numchild": 2, "translation_key": "ab3bf0a5-0dca-42b3-89be-b50129368ce0", "locale": 1, "latest_revision": 7, "live": true, "has_unpublished_changes": false, "first_published_at": "2024-07-16T12:34:53.882Z", "last_published_at": "2024-07-17T08:50:43.190Z", "live_revision": 7, "go_live_at": null, "expire_at": null, "expired": false, "locked": false, "locked_at": null, "locked_by": null, "title": "We help Craft Dreams of Needy Students!", "draft_title": "We help Craft Dreams of Needy Students!", "slug": "home", "content_type": 4, "url_path": "/home/", "owner": null, "seo_title": "", "show_in_menus": false, "search_description": "", "latest_revision_created_at": "2024-07-17T08:50:43.167Z", "alias_of": null, "image": 4, "hero_text": "We help craft the finance needs", "hero_cta": "Learn More", "hero_cta_link": 4, "body": "[]", "promo_image": 4, "promo_title": "We are here", "promo_text": "<p data-block-key=\"82xrm\">We are writing promptional text</p>", "featured_section_1_title": "", "featured_section_1": null, "featured_section_2_title": "", "featured_section_2": null, "featured_section_3_title": "", "featured_section_3": null, "wagtail_admin_comments": []}, "approved_go_live_at": null}}, {"model": "wagtailcore.revision", "pk": 9, "fields": {"content_type": 4, "base_content_type": 1, "object_id": "3", "created_at": "2024-07-17T09:08:53.791Z", "user": 1, "object_str": "We help Craft Dreams of Needy Students!", "content": {"pk": 3, "path": "00010001", "depth": 2, "numchild": 2, "translation_key": "ab3bf0a5-0dca-42b3-89be-b50129368ce0", "locale": 1, "latest_revision": 8, "live": true, "has_unpublished_changes": false, "first_published_at": "2024-07-16T12:34:53.882Z", "last_published_at": "2024-07-17T08:53:49.567Z", "live_revision": 8, "go_live_at": null, "expire_at": null, "expired": false, "locked": false, "locked_at": null, "locked_by": null, "title": "We help Craft Dreams of Needy Students!", "draft_title": "We help Craft Dreams of Needy Students!", "slug": "home", "content_type": 4, "url_path": "/home/", "owner": null, "seo_title": "", "show_in_menus": false, "search_description": "", "latest_revision_created_at": "2024-07-17T08:53:49.548Z", "alias_of": null, "image": 4, "hero_text": "We help craft the finance needs", "hero_cta": "Learn More", "hero_cta_link": 4, "body": "[]", "promo_image": 4, "promo_title": "Detailed Statistics of your Company", "promo_text": "<p data-block-key=\"82xrm\">Praesent imperdiet, tellus et euismod euismod, risus lorem euismod erat, at finibus neque odio quis metus. Donec vulputate arcu quam. Morbi quis tincidunt ligula. Sed rutrum tincidunt pretium. Mauris auctor, purus a pulvinar fermentum, odio dui vehicula lorem, nec pharetra justo risus quis mi. Ut ac ex sagittis, viverra nisl vel, rhoncus odio.</p>", "featured_section_1_title": "", "featured_section_1": null, "featured_section_2_title": "", "featured_section_2": null, "featured_section_3_title": "", "featured_section_3": null, "wagtail_admin_comments": []}, "approved_go_live_at": null}}, {"model": "wagtailcore.revision", "pk": 10, "fields": {"content_type": 33, "base_content_type": 1, "object_id": "7", "created_at": "2024-07-17T09:37:53.059Z", "user": 1, "object_str": "About", "content": {"pk": 7, "path": "00010002", "depth": 2, "numchild": 0, "translation_key": "16fb54b3-590e-47f2-99d6-a88c754a685c", "locale": 1, "latest_revision": null, "live": false, "has_unpublished_changes": false, "first_published_at": null, "last_published_at": null, "live_revision": null, "go_live_at": null, "expire_at": null, "expired": false, "locked": false, "locked_at": null, "locked_by": null, "title": "About", "draft_title": "About", "slug": "about", "content_type": 33, "url_path": "/about/", "owner": 1, "seo_title": "", "show_in_menus": false, "search_description": "", "latest_revision_created_at": null, "alias_of": null, "to_address": "", "from_address": "info@dravate.com", "subject": "Thank you for Writing Us!", "image": 2, "body": "[{\"type\": \"paragraph_block\", \"value\": \"<p data-block-key=\\\"2jas0\\\">I am Contact Form</p>\", \"id\": \"fa17873b-466a-4aa4-8327-63f26de1b796\"}]", "thank_you_text": "<p data-block-key=\"iocz0\">Thank you</p>", "wagtail_admin_comments": [], "form_fields": [{"pk": 1, "sort_order": 0, "clean_name": "name", "label": "Name", "field_type": "singleline", "required": true, "choices": "", "default_value": "", "help_text": "", "page": 7}]}, "approved_go_live_at": null}}, {"model": "wagtailcore.revision", "pk": 11, "fields": {"content_type": 33, "base_content_type": 1, "object_id": "7", "created_at": "2024-07-17T09:37:55.608Z", "user": 1, "object_str": "About", "content": {"pk": 7, "path": "00010002", "depth": 2, "numchild": 0, "translation_key": "16fb54b3-590e-47f2-99d6-a88c754a685c", "locale": 1, "latest_revision": 10, "live": false, "has_unpublished_changes": true, "first_published_at": null, "last_published_at": null, "live_revision": null, "go_live_at": null, "expire_at": null, "expired": false, "locked": false, "locked_at": null, "locked_by": null, "title": "About", "draft_title": "About", "slug": "about", "content_type": 33, "url_path": "/about/", "owner": 1, "seo_title": "", "show_in_menus": false, "search_description": "", "latest_revision_created_at": "2024-07-17T09:37:53.059Z", "alias_of": null, "to_address": "", "from_address": "info@dravate.com", "subject": "Thank you for Writing Us!", "image": 2, "body": "[{\"type\": \"paragraph_block\", \"value\": \"<p data-block-key=\\\"2jas0\\\">I am Contact Form</p>\", \"id\": \"fa17873b-466a-4aa4-8327-63f26de1b796\"}]", "thank_you_text": "<p data-block-key=\"iocz0\">Thank you</p>", "wagtail_admin_comments": [], "form_fields": [{"pk": 1, "sort_order": 0, "clean_name": "name", "label": "Name", "field_type": "singleline", "required": true, "choices": "", "default_value": "", "help_text": "", "page": 7}]}, "approved_go_live_at": null}}, {"model": "wagtailcore.revision", "pk": 12, "fields": {"content_type": 33, "base_content_type": 1, "object_id": "7", "created_at": "2024-07-17T09:38:35.939Z", "user": 1, "object_str": "Contact", "content": {"pk": 7, "path": "00010002", "depth": 2, "numchild": 0, "translation_key": "16fb54b3-590e-47f2-99d6-a88c754a685c", "locale": 1, "latest_revision": 11, "live": true, "has_unpublished_changes": false, "first_published_at": "2024-07-17T09:37:55.618Z", "last_published_at": "2024-07-17T09:37:55.618Z", "live_revision": 11, "go_live_at": null, "expire_at": null, "expired": false, "locked": false, "locked_at": null, "locked_by": null, "title": "Contact", "draft_title": "About", "slug": "contact", "content_type": 33, "url_path": "/about/", "owner": 1, "seo_title": "", "show_in_menus": false, "search_description": "", "latest_revision_created_at": "2024-07-17T09:37:55.608Z", "alias_of": null, "to_address": "", "from_address": "info@dravate.com", "subject": "Thank you for Writing Us!", "image": 2, "body": "[{\"type\": \"paragraph_block\", \"value\": \"<p data-block-key=\\\"2jas0\\\">I am Contact Form</p>\", \"id\": \"fa17873b-466a-4aa4-8327-63f26de1b796\"}]", "thank_you_text": "<p data-block-key=\"iocz0\">Thank you</p>", "wagtail_admin_comments": [], "form_fields": [{"pk": 1, "sort_order": 0, "clean_name": "name", "label": "Name", "field_type": "singleline", "required": true, "choices": "", "default_value": "", "help_text": "", "page": 7}]}, "approved_go_live_at": null}}, {"model": "wagtailcore.revision", "pk": 13, "fields": {"content_type": 29, "base_content_type": 1, "object_id": "8", "created_at": "2024-07-17T10:15:53.367Z", "user": 1, "object_str": "Privacy Policy", "content": {"pk": 8, "path": "000100010004", "depth": 3, "numchild": 0, "translation_key": "ab00dc9a-c55e-486b-b92b-111dfbc20047", "locale": 1, "latest_revision": null, "live": true, "has_unpublished_changes": false, "first_published_at": null, "last_published_at": null, "live_revision": null, "go_live_at": null, "expire_at": null, "expired": false, "locked": false, "locked_at": null, "locked_by": null, "title": "Privacy Policy", "draft_title": "Privacy Policy", "slug": "privacy-policy", "content_type": 29, "url_path": "/home/privacy-policy/", "owner": 1, "seo_title": "", "show_in_menus": false, "search_description": "", "latest_revision_created_at": null, "alias_of": null, "introduction": "I am privacy Policy", "image": 4, "body": "[{\"type\": \"paragraph_block\", \"value\": \"<p data-block-key=\\\"57mlk\\\">Privacy Policy</p>\", \"id\": \"d201a5c0-9f58-4a7c-a1f1-d053f86b681b\"}]", "wagtail_admin_comments": []}, "approved_go_live_at": null}}, {"model": "wagtailcore.revision", "pk": 14, "fields": {"content_type": 55, "base_content_type": 1, "object_id": "5", "created_at": "2024-07-17T10:51:12.883Z", "user": 1, "object_str": "Introduction to Financial Accounting", "content": {"pk": 5, "path": "0001000100010001", "depth": 4, "numchild": 0, "translation_key": "763f11db-21e2-4aa0-9607-8a171dcebd39", "locale": 1, "latest_revision": 5, "live": true, "has_unpublished_changes": false, "first_published_at": "2024-07-17T08:34:54.976Z", "last_published_at": "2024-07-17T08:34:54.976Z", "live_revision": 5, "go_live_at": null, "expire_at": null, "expired": false, "locked": false, "locked_at": null, "locked_by": null, "title": "Introduction to Financial Accounting", "draft_title": "One", "slug": "one", "content_type": 55, "url_path": "/home/courses/one/", "owner": 1, "seo_title": "", "show_in_menus": false, "search_description": "", "latest_revision_created_at": "2024-07-17T08:34:54.963Z", "alias_of": null, "author": "Sopan Shewale", "date": "2024-07-17", "summary": "Master the technical skills needed to analyze financial statements and disclosures for use in financial analysis, and learn how accounting standards and managerial incentives affect the financial reporting process. By the end of this course, you'll be able to read the three most common financial statements: the income statement, balance sheet, and statement of cash flows. Then you can apply these skills to a real-world business challenge as part of the Wharton Business Foundations Specialization.", "start_date": "2024-07-17", "end_date": "2024-07-18", "feed_image": null, "body": "[{\"type\": \"paragraph_block\", \"value\": \"<p data-block-key=\\\"mq5nw\\\">Hello</p>\", \"id\": \"184be5aa-b60e-4043-8173-62ab39e25536\"}]", "trainers": "[{\"type\": \"profile\", \"value\": {\"image\": 5, \"firstname\": \"Sopan\", \"lastname\": \"Shewale\", \"title\": \"Technical  Evangelist\", \"linkedin\": \"https://www.linkedin.com/in/sopanshewale/\", \"short_profile\": \"Full Stack Developer with 25 years of Experience\"}, \"id\": \"4a480283-3bab-4e0c-9606-13d9bb2b0920\"}]", "wagtail_admin_comments": [], "tagged_items": [{"pk": null, "tag": 2, "content_object": 5}]}, "approved_go_live_at": null}}, {"model": "wagtailcore.revision", "pk": 15, "fields": {"content_type": 55, "base_content_type": 1, "object_id": "5", "created_at": "2024-07-17T10:51:46.746Z", "user": 1, "object_str": "Introduction to Financial Accounting", "content": {"pk": 5, "path": "0001000100010001", "depth": 4, "numchild": 0, "translation_key": "763f11db-21e2-4aa0-9607-8a171dcebd39", "locale": 1, "latest_revision": 14, "live": true, "has_unpublished_changes": false, "first_published_at": "2024-07-17T08:34:54.976Z", "last_published_at": "2024-07-17T10:51:12.904Z", "live_revision": 14, "go_live_at": null, "expire_at": null, "expired": false, "locked": false, "locked_at": null, "locked_by": null, "title": "Introduction to Financial Accounting", "draft_title": "Introduction to Financial Accounting", "slug": "one", "content_type": 55, "url_path": "/home/courses/one/", "owner": 1, "seo_title": "", "show_in_menus": false, "search_description": "", "latest_revision_created_at": "2024-07-17T10:51:12.883Z", "alias_of": null, "author": "Sopan Shewale", "date": "2024-07-17", "summary": "Master the technical skills needed to analyze financial statements and disclosures for use in financial analysis, and learn how accounting standards and managerial incentives affect the financial reporting process. By the end of this course, you'll be able to read the three most common financial statements: the income statement, balance sheet, and statement of cash flows. Then you can apply these skills to a real-world business challenge as part of the Wharton Business Foundations Specialization.", "start_date": "2024-07-17", "end_date": "2024-07-18", "feed_image": 4, "body": "[{\"type\": \"paragraph_block\", \"value\": \"<p data-block-key=\\\"mq5nw\\\">Hello</p>\", \"id\": \"184be5aa-b60e-4043-8173-62ab39e25536\"}]", "trainers": "[{\"type\": \"profile\", \"value\": {\"image\": 5, \"firstname\": \"Sopan\", \"lastname\": \"Shewale\", \"title\": \"Technical  Evangelist\", \"linkedin\": \"https://www.linkedin.com/in/sopanshewale/\", \"short_profile\": \"Full Stack Developer with 25 years of Experience\"}, \"id\": \"4a480283-3bab-4e0c-9606-13d9bb2b0920\"}]", "wagtail_admin_comments": [], "tagged_items": [{"pk": null, "tag": 2, "content_object": 5}]}, "approved_go_live_at": null}}, {"model": "wagtailcore.revision", "pk": 16, "fields": {"content_type": 55, "base_content_type": 1, "object_id": "5", "created_at": "2024-07-17T10:53:18.365Z", "user": 1, "object_str": "Introduction to Financial Accounting", "content": {"pk": 5, "path": "0001000100010001", "depth": 4, "numchild": 0, "translation_key": "763f11db-21e2-4aa0-9607-8a171dcebd39", "locale": 1, "latest_revision": 15, "live": true, "has_unpublished_changes": false, "first_published_at": "2024-07-17T08:34:54.976Z", "last_published_at": "2024-07-17T10:51:46.762Z", "live_revision": 15, "go_live_at": null, "expire_at": null, "expired": false, "locked": false, "locked_at": null, "locked_by": null, "title": "Introduction to Financial Accounting", "draft_title": "Introduction to Financial Accounting", "slug": "one", "content_type": 55, "url_path": "/home/courses/one/", "owner": 1, "seo_title": "", "show_in_menus": false, "search_description": "", "latest_revision_created_at": "2024-07-17T10:51:46.746Z", "alias_of": null, "author": "Sopan Shewale", "date": "2024-07-17", "summary": "Master the technical skills needed to analyze financial statements and disclosures for use in financial analysis, and learn how accounting standards and managerial incentives affect the financial reporting process. By the end of this course, you'll be able to read the three most common financial statements: the income statement, balance sheet, and statement of cash flows. Then you can apply these skills to a real-world business challenge as part of the Wharton Business Foundations Specialization.", "start_date": "2024-07-17", "end_date": "2024-07-18", "feed_image": 4, "body": "[{\"type\": \"heading_block\", \"value\": {\"heading_text\": \"Week 1: Introduction and Balance Sheet\", \"size\": \"h2\"}, \"id\": \"d3eb94de-72c9-4203-aa3f-f406de8d8715\"}, {\"type\": \"paragraph_block\", \"value\": \"<p data-block-key=\\\"mq5nw\\\">Master the technical skills needed to analyze financial statements and disclosures for use in financial analysis, and learn how accounting standards and managerial incentives affect the financial reporting process. By the end of this course, you'll be able to read the three most common financial statements: the income statement, balance sheet, and statement of cash flows. Then you can apply these skills to a real-world business challenge as part of the Wharton Business Foundations Specialization.</p>\", \"id\": \"184be5aa-b60e-4043-8173-62ab39e25536\"}, {\"type\": \"heading_block\", \"value\": {\"heading_text\": \"Week 2: Accrual Accounting and the Income Statement\", \"size\": \"h2\"}, \"id\": \"ef43ad62-114e-4d3b-95ec-7e9c81eef170\"}, {\"type\": \"paragraph_block\", \"value\": \"<p data-block-key=\\\"s3whi\\\">Master the technical skills needed to analyze financial statements and disclosures for use in financial analysis, and learn how accounting standards and managerial incentives affect the financial reporting process. By the end of this course, you'll be able to read the three most common financial statements: the income statement, balance sheet, and statement of cash flows. Then you can apply these skills to a real-world business challenge as part of the Wharton Business Foundations Specialization.</p>\", \"id\": \"49ae9496-5f62-4577-8264-b5d78f36bf53\"}]", "trainers": "[{\"type\": \"profile\", \"value\": {\"image\": 5, \"firstname\": \"Sopan\", \"lastname\": \"Shewale\", \"title\": \"Technical  Evangelist\", \"linkedin\": \"https://www.linkedin.com/in/sopanshewale/\", \"short_profile\": \"Full Stack Developer with 25 years of Experience\"}, \"id\": \"4a480283-3bab-4e0c-9606-13d9bb2b0920\"}]", "wagtail_admin_comments": [], "tagged_items": [{"pk": null, "tag": 2, "content_object": 5}]}, "approved_go_live_at": null}}, {"model": "wagtailcore.revision", "pk": 17, "fields": {"content_type": 55, "base_content_type": 1, "object_id": "5", "created_at": "2024-07-17T10:54:36.524Z", "user": 1, "object_str": "Introduction to Financial Accounting", "content": {"pk": 5, "path": "0001000100010001", "depth": 4, "numchild": 0, "translation_key": "763f11db-21e2-4aa0-9607-8a171dcebd39", "locale": 1, "latest_revision": 16, "live": true, "has_unpublished_changes": false, "first_published_at": "2024-07-17T08:34:54.976Z", "last_published_at": "2024-07-17T10:53:18.382Z", "live_revision": 16, "go_live_at": null, "expire_at": null, "expired": false, "locked": false, "locked_at": null, "locked_by": null, "title": "Introduction to Financial Accounting", "draft_title": "Introduction to Financial Accounting", "slug": "one", "content_type": 55, "url_path": "/home/courses/one/", "owner": 1, "seo_title": "", "show_in_menus": false, "search_description": "", "latest_revision_created_at": "2024-07-17T10:53:18.365Z", "alias_of": null, "author": "Sopan Shewale", "date": "2024-07-17", "summary": "Master the technical skills needed to analyze financial statements and disclosures for use in financial analysis, and learn how accounting standards and managerial incentives affect the financial reporting process. By the end of this course, you'll be able to read the three most common financial statements: the income statement, balance sheet, and statement of cash flows. Then you can apply these skills to a real-world business challenge as part of the Wharton Business Foundations Specialization.", "start_date": "2024-07-17", "end_date": "2024-07-18", "feed_image": 4, "body": "[{\"type\": \"heading_block\", \"value\": {\"heading_text\": \"Week 1: Introduction and Balance Sheet\", \"size\": \"h2\"}, \"id\": \"d3eb94de-72c9-4203-aa3f-f406de8d8715\"}, {\"type\": \"paragraph_block\", \"value\": \"<p data-block-key=\\\"mq5nw\\\">Master the technical skills needed to analyze financial statements and disclosures for use in financial analysis, and learn how accounting standards and managerial incentives affect the financial reporting process. By the end of this course, you'll be able to read the three most common financial statements: the income statement, balance sheet, and statement of cash flows. Then you can apply these skills to a real-world business challenge as part of the Wharton Business Foundations Specialization.</p>\", \"id\": \"184be5aa-b60e-4043-8173-62ab39e25536\"}, {\"type\": \"heading_block\", \"value\": {\"heading_text\": \"Week 2: Accrual Accounting and the Income Statement\", \"size\": \"h2\"}, \"id\": \"ef43ad62-114e-4d3b-95ec-7e9c81eef170\"}, {\"type\": \"paragraph_block\", \"value\": \"<p data-block-key=\\\"s3whi\\\">Master the technical skills needed to analyze financial statements and disclosures for use in financial analysis, and learn how accounting standards and managerial incentives affect the financial reporting process. By the end of this course, you'll be able to read the three most common financial statements: the income statement, balance sheet, and statement of cash flows. Then you can apply these skills to a real-world business challenge as part of the Wharton Business Foundations Specialization.</p>\", \"id\": \"49ae9496-5f62-4577-8264-b5d78f36bf53\"}, {\"type\": \"heading_block\", \"value\": {\"heading_text\": \"Week 3: Cash Flows\", \"size\": \"h2\"}, \"id\": \"7bd637c3-badc-42e4-ab34-f2acb5ffc9d1\"}, {\"type\": \"paragraph_block\", \"value\": \"<p data-block-key=\\\"eozg3\\\">Master the technical skills needed to analyze financial statements and disclosures for use in financial analysis, and learn how accounting standards and managerial incentives affect the financial reporting process. By the end of this course, you'll be able to read the three most common financial statements: the income statement, balance sheet, and statement of cash flows. Then you can apply these skills to a real-world business challenge as part of the Wharton Business Foundations Specialization.</p>\", \"id\": \"5767cbd5-8498-4348-8d06-749909227b51\"}, {\"type\": \"heading_block\", \"value\": {\"heading_text\": \"Week 4: Ratio Analysis and Final Exam\", \"size\": \"h2\"}, \"id\": \"2fa2155d-2265-4fe6-833e-a4d2ed522ffd\"}, {\"type\": \"paragraph_block\", \"value\": \"<p data-block-key=\\\"eozg3\\\">Master the technical skills needed to analyze financial statements and disclosures for use in financial analysis, and learn how accounting standards and managerial incentives affect the financial reporting process. By the end of this course, you'll be able to read the three most common financial statements: the income statement, balance sheet, and statement of cash flows. Then you can apply these skills to a real-world business challenge as part of the Wharton Business Foundations Specialization.</p>\", \"id\": \"09d0b715-208a-42c2-8fb8-efcd4297bfe7\"}]", "trainers": "[{\"type\": \"profile\", \"value\": {\"image\": 5, \"firstname\": \"Sopan\", \"lastname\": \"Shewale\", \"title\": \"Technical  Evangelist\", \"linkedin\": \"https://www.linkedin.com/in/sopanshewale/\", \"short_profile\": \"Full Stack Developer with 25 years of Experience\"}, \"id\": \"4a480283-3bab-4e0c-9606-13d9bb2b0920\"}]", "wagtail_admin_comments": [], "tagged_items": [{"pk": null, "tag": 2, "content_object": 5}]}, "approved_go_live_at": null}}, {"model": "wagtailcore.revision", "pk": 18, "fields": {"content_type": 55, "base_content_type": 1, "object_id": "5", "created_at": "2024-07-18T10:03:27.061Z", "user": 1, "object_str": "Introduction to Financial Accounting", "content": {"pk": 5, "path": "0001000100010001", "depth": 4, "numchild": 0, "translation_key": "763f11db-21e2-4aa0-9607-8a171dcebd39", "locale": 1, "latest_revision": 17, "live": true, "has_unpublished_changes": false, "first_published_at": "2024-07-17T08:34:54.976Z", "last_published_at": "2024-07-17T10:54:36.543Z", "live_revision": 17, "go_live_at": null, "expire_at": null, "expired": false, "locked": false, "locked_at": null, "locked_by": null, "title": "Introduction to Financial Accounting", "draft_title": "Introduction to Financial Accounting", "slug": "one", "content_type": 55, "url_path": "/home/courses/one/", "owner": 1, "seo_title": "", "show_in_menus": false, "search_description": "", "latest_revision_created_at": "2024-07-17T10:54:36.524Z", "alias_of": null, "author": "Sopan Shewale", "date": "2024-07-17", "summary": "Master the technical skills needed to analyze financial statements and disclosures for use in financial analysis, and learn how accounting standards and managerial incentives affect the financial reporting process. By the end of this course, you'll be able to read the three most common financial statements: the income statement, balance sheet, and statement of cash flows. Then you can apply these skills to a real-world business challenge as part of the Wharton Business Foundations Specialization.", "start_date": "2024-07-17", "end_date": "2024-07-18", "feed_image": 4, "body": "[{\"type\": \"heading_block\", \"value\": {\"heading_text\": \"Week 1: Introduction and Balance Sheet\", \"size\": \"h2\"}, \"id\": \"d3eb94de-72c9-4203-aa3f-f406de8d8715\"}, {\"type\": \"paragraph_block\", \"value\": \"<p data-block-key=\\\"mq5nw\\\">Master the technical skills needed to analyze financial statements and disclosures for use in financial analysis, and learn how accounting standards and managerial incentives affect the financial reporting process. By the end of this course, you'll be able to read the three most common financial statements: the income statement, balance sheet, and statement of cash flows. Then you can apply these skills to a real-world business challenge as part of the Wharton Business Foundations Specialization.</p>\", \"id\": \"184be5aa-b60e-4043-8173-62ab39e25536\"}, {\"type\": \"heading_block\", \"value\": {\"heading_text\": \"Week 2: Accrual Accounting and the Income Statement\", \"size\": \"h2\"}, \"id\": \"ef43ad62-114e-4d3b-95ec-7e9c81eef170\"}, {\"type\": \"paragraph_block\", \"value\": \"<p data-block-key=\\\"s3whi\\\">Master the technical skills needed to analyze financial statements and disclosures for use in financial analysis, and learn how accounting standards and managerial incentives affect the financial reporting process. By the end of this course, you'll be able to read the three most common financial statements: the income statement, balance sheet, and statement of cash flows. Then you can apply these skills to a real-world business challenge as part of the Wharton Business Foundations Specialization.</p>\", \"id\": \"49ae9496-5f62-4577-8264-b5d78f36bf53\"}, {\"type\": \"heading_block\", \"value\": {\"heading_text\": \"Week 3: Cash Flows\", \"size\": \"h2\"}, \"id\": \"7bd637c3-badc-42e4-ab34-f2acb5ffc9d1\"}, {\"type\": \"paragraph_block\", \"value\": \"<p data-block-key=\\\"eozg3\\\">Master the technical skills needed to analyze financial statements and disclosures for use in financial analysis, and learn how accounting standards and managerial incentives affect the financial reporting process. By the end of this course, you'll be able to read the three most common financial statements: the income statement, balance sheet, and statement of cash flows. Then you can apply these skills to a real-world business challenge as part of the Wharton Business Foundations Specialization.</p>\", \"id\": \"5767cbd5-8498-4348-8d06-749909227b51\"}, {\"type\": \"heading_block\", \"value\": {\"heading_text\": \"Week 4: Ratio Analysis and Final Exam\", \"size\": \"h2\"}, \"id\": \"2fa2155d-2265-4fe6-833e-a4d2ed522ffd\"}, {\"type\": \"paragraph_block\", \"value\": \"<p data-block-key=\\\"eozg3\\\">Master the technical skills needed to analyze financial statements and disclosures for use in financial analysis, and learn how accounting standards and managerial incentives affect the financial reporting process. By the end of this course, you'll be able to read the three most common financial statements: the income statement, balance sheet, and statement of cash flows. Then you can apply these skills to a real-world business challenge as part of the Wharton Business Foundations Specialization.</p>\", \"id\": \"09d0b715-208a-42c2-8fb8-efcd4297bfe7\"}]", "trainers": "[{\"type\": \"profile\", \"value\": {\"image\": 5, \"firstname\": \"Sopan\", \"lastname\": \"Shewale\", \"title\": \"Technical  Evangelist\", \"linkedin\": \"https://www.linkedin.com/in/sopanshewale/\", \"short_profile\": \"Full Stack Developer with 25 years of Experience\"}, \"id\": \"4a480283-3bab-4e0c-9606-13d9bb2b0920\"}]", "wagtail_admin_comments": [], "tagged_items": [{"pk": null, "tag": 2, "content_object": 5}]}, "approved_go_live_at": null}}, {"model": "wagtailcore.revision", "pk": 19, "fields": {"content_type": 29, "base_content_type": 1, "object_id": "8", "created_at": "2024-07-20T10:12:21.804Z", "user": 1, "object_str": "Privacy Policy", "content": {"pk": 8, "path": "000100010004", "depth": 3, "numchild": 0, "translation_key": "ab00dc9a-c55e-486b-b92b-111dfbc20047", "locale": 1, "latest_revision": 13, "live": true, "has_unpublished_changes": false, "first_published_at": "2024-07-17T10:15:53.380Z", "last_published_at": "2024-07-17T10:15:53.380Z", "live_revision": 13, "go_live_at": null, "expire_at": null, "expired": false, "locked": false, "locked_at": null, "locked_by": null, "title": "Privacy Policy", "draft_title": "Privacy Policy", "slug": "privacy-policy", "content_type": 29, "url_path": "/home/privacy-policy/", "owner": 1, "seo_title": "", "show_in_menus": false, "search_description": "", "latest_revision_created_at": "2024-07-17T10:15:53.367Z", "alias_of": null, "introduction": "I am privacy Policy", "image": 4, "body": "[{\"type\": \"paragraph_block\", \"value\": \"<h2 data-block-key=\\\"57mlk\\\"><b>Introduction</b></h2><p data-block-key=\\\"86eta\\\">We, at Info Edge (India) Limited herein referred to as IEIL and our affiliated companies worldwide, are committed to respecting your online privacy and recognize your need for appropriate protection and management of personally identifiable information (\\\"Personal Information\\\") you share with us, in-line with the applicable data protection laws and regulations.</p><p data-block-key=\\\"6k12j\\\">This Policy is subject to the terms of the Site Policy (Terms of Use) of Shiksha.com and the Application. This policy applies to those who register on the Platform (as defined in the Terms of Use) provided by the Shiksha.com, in connection with use of our services, or whose information Shiksha.com otherwise receives in connection with its services (such as but not limited to contact information of individuals associated with Shiksha.com including partner colleges/ educational institutes etc.)</p><p data-block-key=\\\"3433f\\\">Personal information (PI) - means any information relating to an identified or identifiable living person. In particular using a common identifier such as a name, an identification number, location data, an online identifier or one or more factors specific to the physical, physiological, genetic, mental, economic, cultural or social identity of that natural person or any other piece of information as per applicable laws and regulations.</p><p data-block-key=\\\"8iqj7\\\">Core Purpose - The Platform is made available for use to help students get details, discover &amp; research on colleges, courses and exams of their interest and for allied services related thereto. Platform also helps connect colleges/educational institutes/coaching centres etc. with prospective students who may be of interest to them.User's contactable information will be shared with Colleges/Educational Institutes/coaching centres etc either if they have shown interest in that Colleges/Educational Institutes/coaching centres etc or they have shortlisted the user as potential candidate for admission.</p><p data-block-key=\\\"5j5bd\\\">Study Abroad section of Platform also assists students in completing and submitting their applications to universities abroad. (\\u201cPurpose\\u201d).</p><h2 data-block-key=\\\"3kh63\\\"><b>Information collection</b></h2><p data-block-key=\\\"b3h33\\\">We collect information about you or your usage to provide better services to all of our users. We collect information in the following ways:</p><ul><li data-block-key=\\\"10ckj\\\">Many of our services require you to register/sign up for an account on Shiksha.com. When you do, we will ask for personal information, such as, but not limited to your name, email address and telephone number to create/update your account.</li><li data-block-key=\\\"5l5h3\\\">To provide you additional services, we may collect your profile information such as, but not limited to education background, work experience, date of birth.</li><li data-block-key=\\\"8cja5\\\">We collect information about the services that you use and how you use them such as, but not limited to log information and location information.</li><li data-block-key=\\\"3enfr\\\">We may collect your personal information such as but not limited to bank details, passport details to assist for study abroad program which includes services like Letter of recommendation, student profile, student visa and application to university programmes.</li><li data-block-key=\\\"f5ng8\\\">When you communicate with Shiksha.com or its Application or use the Shiksha.com platform to communicate with other Members (such as advertisers, colleges/ institutes, etc.), we collect information about your communication and any other additional information you choose to provide.</li></ul><h2 data-block-key=\\\"59lml\\\"><b>Processing personal information</b></h2><p data-block-key=\\\"44gri\\\">Shiksha.com may process your Personal Information for the following purposes:</p><ul><li data-block-key=\\\"3kccm\\\">We use information collected from cookies and other technologies, like pixel tags, to improve your user experience and the overall quality of our services. When showing you tailored ads, we will not associate an identifier from cookies or similar technologies with sensitive categories, such as those based on race, religion, sexual orientation or health.</li><li data-block-key=\\\"3bbis\\\">Our automated systems analyse your content to provide you customised search results, recommendations and specific promotions and offers</li><li data-block-key=\\\"2dbvo\\\">Send alerts and newsletter(s) to you (Provided you subscribe to the same. To unsubscribe, please visit your account settings)</li><li data-block-key=\\\"afflj\\\">Improving our website and its content to provide better features and services</li><li data-block-key=\\\"8jm8g\\\">Conducting market research and surveys with the aim of improving our products and services.</li><li data-block-key=\\\"e53u9\\\">Sending you information about our products and services for marketing purposes and promotions.</li><li data-block-key=\\\"b073l\\\">Preventing, detecting, investigating and prosecuting crimes (including but not limited to fraud and other financial crimes) in any jurisdiction, identity verification, government sanctions screening and due diligence checks</li><li data-block-key=\\\"d6udd\\\">Establishing, exercising or defending legal rights in connection with legal proceedings (including any prospective legal proceedings) and seeking professional or legal advice in relation to such legal proceedings.</li></ul><h2 data-block-key=\\\"bbdbh\\\"><b>Cookies and Other Tracking Technologies</b></h2><p data-block-key=\\\"4h5so\\\">Some of our Web pages utilize \\\"cookies\\\" and other tracking technologies. A \\\"cookie\\\" is a small text file that may be used, for example, to collect your information about Website activity. Some cookies and other technologies may serve to recall Personal Information previously indicated by a Web user. Most browsers allow you to control cookies, including whether or not to accept them and how to remove them.</p><p data-block-key=\\\"1qr6n\\\">You may set most browsers to notify you if you receive a cookie, or you may choose to block cookies with your browser, but please note that if you choose to erase or block your cookies, you will need to re-enter your original user ID and password to gain access to certain parts of the Web site and some sections/features of the site may not work.</p><p data-block-key=\\\"ces2h\\\">Tracking technologies may record information such as Internet domain and host names; Internet protocol (IP) addresses; browser software and operating system types; clickstream patterns; and dates and times that our site has accessed.</p><p data-block-key=\\\"1j9j3\\\">Our use of cookies and other tracking technologies allows us to improve our Web site and your Web experience. We may also analyse information that does not contain Personal Information for trends and statistics.</p><p data-block-key=\\\"elsgu\\\">For more information about our use of cookies please refer to our <a href=\\\"https://www.shiksha.com/shikshaHelp/ShikshaHelp/cookiePolicy\\\">Cookie Policy.</a></p><h2 data-block-key=\\\"2eqcj\\\"><b>Third Party Services</b></h2><p data-block-key=\\\"ctkec\\\">Third parties provide certain services available on Shiksha.com on IEIL\\u2019s behalf. Shiksha.com may provide information, including Personal Information, that \\u2018Shiksha.com collects on the Web to third-party service providers to help us deliver programs, products, information, and services. Service providers are also an important means by which Shiksha.com maintains its Web site and mailing lists. Shiksha.com will take reasonable steps to ensure that these third-party service providers are obligated to protect Personal Information on Shiksha.com behalf.</p><p data-block-key=\\\"ck63i\\\">Shiksha.com does not intend to transfer Personal Information without your consent to third parties unless such transfer is required for providing relevant services or for purposes legal purposes.</p><p data-block-key=\\\"dh9c9\\\">When you are in a relationship with Shiksha.com, your personal information may be transferred to geographies outside India, for the purposes mentioned in this policy or to their local service providers for support in the pursuance of such purposes. Transfers outside India are covered by standard data protection laws.</p><p data-block-key=\\\"7u9qa\\\">Please be aware that Shiksha.com sometimes contains links to other sites that are not governed by this privacy policy. Visitors to Our Site may be directed to third-party sites for more information, such as advertisers, blogs, content sponsorships, vendor services, social networks, etc.</p><p data-block-key=\\\"h0er\\\">Shiksha.com makes no representations or warranties regarding how your information is stored or used on third-party servers. We recommend that you review the privacy statement of each third-party site linked from Our Site to determine their use of your personal information.</p><h2 data-block-key=\\\"bee9n\\\"><b>Children</b></h2><p data-block-key=\\\"9seq8\\\">To use the Site you agree that you must be of minimum age (described in this paragraph below) or older.</p><p data-block-key=\\\"d6rjt\\\">In case you are resident of the European Union, the minimum age for these purposes shall be 16, however if local laws require that you must be older in order for Shiksha.com to lawfully provide the services on the Site to you then that older age shall apply as the applicable minimum age.</p><p data-block-key=\\\"cj7br\\\">In all jurisdictions outside the European Union, if you are under the age of 18 or the age of majority in your jurisdiction, you must use Shiksha.com under the supervision of your parent, legal guardian or responsible adult.</p><h2 data-block-key=\\\"fokrn\\\"><b>Information Sharing</b></h2><p data-block-key=\\\"f6ubb\\\">We restrict access to your Personal Information to employees who we believe reasonably need to know/or that information in order to fulfil their jobs to provide, operate, develop, or improve our products or services.</p><p data-block-key=\\\"8j4id\\\">Shiksha.com does not rent, sell, or share personal information about you with other people or non-affiliated companies except:</p><ol><li data-block-key=\\\"bd2c\\\">to provide products or services you've requested,</li><li data-block-key=\\\"6bstn\\\">when we have your permission,</li><li data-block-key=\\\"el3ov\\\">or under the following circumstances:</li></ol><ul><li data-block-key=\\\"9l33o\\\">We provide the information to trusted partners who work on behalf of or with \\u2018IEIL\\u2019 under confidentiality agreements. These companies may use your personal information to help Shiksha.com communicate with you about offers from \\u2018Shiksha.com and our marketing partners. However, these companies do not have any independent right to share this information.</li><li data-block-key=\\\"e824l\\\">We respond to subpoenas, court orders, or legal process, or to establish or exercise our legal rights or defend against legal claims;</li><li data-block-key=\\\"avja3\\\">We believe it is necessary to share information in order to investigate, prevent, or take action regarding illegal activities, suspected fraud, situations involving potential threats to the physical safety of any person, violations of \\u2018Shiksha.com terms of use, or as otherwise required by law.</li><li data-block-key=\\\"58kcg\\\">We transfer information about you if \\u2018Shiksha.com is acquired by or merged with another company.</li><li data-block-key=\\\"5ekhv\\\">We share your personal information with colleges or educational institutions, etc. based on your browsing behaviour or expression of interest regarding courses, specializations and institutions or in case of applications for admission to such colleges or educational institutions, who may further contact you and process your information for the said purposes.</li></ul><p data-block-key=\\\"ehol7\\\">Shiksha.com displays targeted advertisements based on personal information. Advertisers (including ad serving for example, women aged 18-24 from a particular geographic area.</p><ul><li data-block-key=\\\"eigug\\\">Shiksha.com does not provide any personal information to the advertiser when you interact with or view a targeted ad. However, by interacting with an ad you are consenting to the possibility that the advertiser will make the assumption that you meet the targeting criteria used to display the ad.</li><li data-block-key=\\\"ahctn\\\">Shiksha.com advertisers include financial service providers (such as banks, insurance agents, stock brokers and mortgage lenders) and non-financial companies (such as stores, airlines, and software companies).</li><li data-block-key=\\\"9kald\\\">We may share personal information (such as name, mobile number, and email address) with carefully selected education colleges/ educational institutions based on your expression of interest regarding courses, specializations and institutions so that they may consider further marketing campaigns or recruitment measures. Some of these educational institutions may have access to your personal information to verify the status of your application or enrolment. We will inform the education institutions that they are not allowed to use your personal information for any reason other than mentioned above. Users should note however that, how these educational institutions use this data is not governed by our privacy policy. Therefore, we cannot be held responsible for how the data is utilized once it is shared with them. Educational institutions have separate policy practices for which Shiksha.com has no responsibility or liability. For further information on how such institutions use your information, please visit the applicable privacy policy of that institution.</li><li data-block-key=\\\"f208v\\\">Shiksha.com works with vendors, partners, advertisers, and other service providers in different industries and categories of business. For more information regarding providers of products or services, please refer the section <a href=\\\"https://www.shiksha.com/shikshaHelp/ShikshaHelp/privacyPolicy#third-part-services\\\">\\u201cThird party services\\u201d</a> of this policy</li></ul><h2 data-block-key=\\\"3cvjk\\\"><b>Retention of personal information</b></h2><p data-block-key=\\\"at5ia\\\">Your personal information processed by Shiksha.com are kept in a form which permits your identification for no longer than is necessary for the purposes for which the personal information are processed in line with legal, regulatory, contractual or statutory obligations as applicable.</p><p data-block-key=\\\"4rpa7\\\">At the expiry of such periods, your personal information will be archived to comply with legal/contractual retention obligations or in accordance with applicable statutory limitation periods.</p><h2 data-block-key=\\\"73uan\\\"><b>Personalisation of services</b></h2><p data-block-key=\\\"9mo0t\\\">To the extent permitted by law, Shiksha.com may record and monitor your communications with us to ensure compliance with our legal and regulatory obligations and our internal policies. This may include the recording of telephone conversations.</p><h2 data-block-key=\\\"9i5u4\\\"><b>Personalisation of services</b></h2><p data-block-key=\\\"8acv5\\\">You may have the right to invoke certain rights (as per applicable laws and regulations such as GDPR) in relation to your personal information being processed by the Platform.</p><p data-block-key=\\\"dcgf3\\\">The Platform may be allowed by law, in particular in case of excessive or manifestly unfounded request, to charge a fee for fulfilling your request, subject to applicable conditions.</p><p data-block-key=\\\"c7fh7\\\">You are legally entitled to request details of the personal information we may be holding about you. The Company provides you the ability to keep your personal information accurate and up-to-date. If at any time you would like to rectify, erase or restrict the processing of your personal information, or you would like to obtain confirmation whether or not your personal information is processed by it, access your personal information, exercise your right to data portability or withdraw your consent to processing, please contact us.</p><p data-block-key=\\\"2q06g\\\">You are entitled to lodge a complaint with a competent Data Protection Authority where existing, concerning the Platform\\u2019s compliance with the applicable data protection laws and regulation.</p><h2 data-block-key=\\\"7ibcd\\\"><b>Confidentiality and Security</b></h2><p data-block-key=\\\"7h900\\\">The security and confidentiality of your Personal Data is important to us and Shiksha.com has invested significant resources to protect the safekeeping and confidentiality of your personal data. When using external service providers acting as processors, we require that they adhere to the same standards as Shiksha.com. Regardless of where your personal information is transferred or stored, we take all steps reasonably necessary to ensure that personal data is kept secure.</p><p data-block-key=\\\"5mb2s\\\">We have physical, electronic, and procedural safeguards that comply with the laws prevalent in India to protect personal information about you. We seek to ensure compliance with the requirements of the Information Technology Act, 2000 and Rules made there under to ensure the protection and preservation of your privacy.</p><h2 data-block-key=\\\"akirf\\\"><b>Social media</b></h2><p data-block-key=\\\"fl9oq\\\">Shiksha.com operates channels, pages and accounts on some social media sites to inform, assist and engage with you. Shiksha.com monitors and records comments and posts made on these channels about Shiksha.com in order to improve its products and services. Please note that you must not communicate with Shiksha.com through such social media sites the following information:</p><ul><li data-block-key=\\\"4ag0u\\\">Sensitive personal data including (i) special categories of personal data meaning any information revealing racial or ethnic origin, political opinions, religious or philosophical beliefs, or trade union membership, and the processing of genetic data, biometric data for the purpose of uniquely identifying a natural person, data concerning health or data concerning a natural person's sex life or sexual orientation and (ii) other sensitive personal data such as criminal convictions and offences and national identification number ;</li><li data-block-key=\\\"52a1t\\\">Excessive, inappropriate, offensive or insulting information towards individuals.</li></ul><p data-block-key=\\\"47mbu\\\">Shiksha.com is not responsible for any information posted on those sites other than the information posted by its employees on its behalf. Shiksha.com is only responsible for its own use of the personal data received through such sites</p><h2 data-block-key=\\\"1r5ii\\\"><b>Changes to this Privacy Policy</b></h2><p data-block-key=\\\"21kj2\\\">Shiksha.com reserves the right to update, change or modify this policy at any time. The policy shall come to effect from the date of such update, change or modification.</p><h2 data-block-key=\\\"bh729\\\"><b>Disclaimer</b></h2><p data-block-key=\\\"17r6n\\\">Shiksha.com shall not be liable for any loss or damage sustained by reason of any disclosure (inadvertent or otherwise) of any information concerning the user's account and / or information relating to or regarding online transactions using credit cards / debit cards and / or their verification process and particulars nor for any error, omission or inaccuracy with respect to any information so disclosed and used whether or not in pursuance of a legal process or otherwise. Shiksha.com does not store any Credit / Debit card details.</p><p data-block-key=\\\"3dltl\\\">Any other personal information shared by you which is not asked by Shiksha.com during registration, either mandatorily or optionally; accounts to wilful and intentional furnishing; and Shiksha.com will not be liable for breach of such information.</p><p data-block-key=\\\"20ts9\\\">Shiksha is neither affiliated with nor endorsed by any government organization. The Shiksha app doesn\\u2019t represent any government entity. The Shiksha team sources information about colleges &amp; exams from their respective official websites. We try to put our best effort to make sure that the information is genuine and updated regularly.</p><p data-block-key=\\\"3o2cs\\\">If you have any questions regarding this privacy policy or the protection of your personal data, please contact IEIL\\u2019s Data Protection Officer at the following:</p><p data-block-key=\\\"bra09\\\"><b>Data Protection Officer/ Grievance Officer</b>Info Edge (India) LimitedNoida GF-12A, Meghdoot, Nehru Place, New DelhiEmail: privacy@infoedge.com</p>\", \"id\": \"d201a5c0-9f58-4a7c-a1f1-d053f86b681b\"}]", "wagtail_admin_comments": []}, "approved_go_live_at": null}}, {"model": "wagtailcore.grouppagepermission", "pk": 1, "fields": {"group": 1, "page": 1, "permission": 33}}, {"model": "wagtailcore.grouppagepermission", "pk": 2, "fields": {"group": 1, "page": 1, "permission": 34}}, {"model": "wagtailcore.grouppagepermission", "pk": 3, "fields": {"group": 1, "page": 1, "permission": 39}}, {"model": "wagtailcore.grouppagepermission", "pk": 4, "fields": {"group": 2, "page": 1, "permission": 33}}, {"model": "wagtailcore.grouppagepermission", "pk": 5, "fields": {"group": 2, "page": 1, "permission": 34}}, {"model": "wagtailcore.grouppagepermission", "pk": 6, "fields": {"group": 1, "page": 1, "permission": 38}}, {"model": "wagtailcore.grouppagepermission", "pk": 7, "fields": {"group": 1, "page": 1, "permission": 40}}, {"model": "wagtailcore.workflowpage", "pk": 1, "fields": {"workflow": 1}}, {"model": "wagtailcore.workflowtask", "pk": 1, "fields": {"sort_order": 0, "workflow": 1, "task": 1}}, {"model": "wagtailcore.task", "pk": 1, "fields": {"name": "Moderators approval", "content_type": 3, "active": true}}, {"model": "wagtailcore.workflow", "pk": 1, "fields": {"name": "Moderators approval", "active": true}}, {"model": "wagtailcore.groupapprovaltask", "pk": 1, "fields": {"groups": [1]}}, {"model": "wagtailcore.pagelogentry", "pk": 1, "fields": {"content_type": 4, "label": "Home", "action": "wagtail.edit", "data": {}, "timestamp": "2024-07-16T12:34:53.876Z", "uuid": "a1eeaa61-fe53-4468-ac80-6c3ac01d3dfd", "user": 1, "revision": 1, "content_changed": true, "deleted": false, "page": 3}}, {"model": "wagtailcore.pagelogentry", "pk": 2, "fields": {"content_type": 4, "label": "Home", "action": "wagtail.publish", "data": {}, "timestamp": "2024-07-16T12:34:53.898Z", "uuid": "a1eeaa61-fe53-4468-ac80-6c3ac01d3dfd", "user": 1, "revision": 1, "content_changed": true, "deleted": false, "page": 3}}, {"model": "wagtailcore.pagelogentry", "pk": 3, "fields": {"content_type": 56, "label": "Finance Courses", "action": "wagtail.create", "data": {}, "timestamp": "2024-07-17T08:06:33.018Z", "uuid": "2bcee153-f066-4c7e-906b-ef7dab894da4", "user": 1, "revision": null, "content_changed": true, "deleted": false, "page": 4}}, {"model": "wagtailcore.pagelogentry", "pk": 4, "fields": {"content_type": 56, "label": "Finance Courses", "action": "wagtail.edit", "data": {}, "timestamp": "2024-07-17T08:06:33.030Z", "uuid": "2bcee153-f066-4c7e-906b-ef7dab894da4", "user": 1, "revision": 2, "content_changed": true, "deleted": false, "page": 4}}, {"model": "wagtailcore.pagelogentry", "pk": 5, "fields": {"content_type": 56, "label": "Finance Courses", "action": "wagtail.publish", "data": {}, "timestamp": "2024-07-17T08:06:33.051Z", "uuid": "2bcee153-f066-4c7e-906b-ef7dab894da4", "user": 1, "revision": 2, "content_changed": true, "deleted": false, "page": 4}}, {"model": "wagtailcore.pagelogentry", "pk": 6, "fields": {"content_type": 56, "label": "Finance Courses", "action": "wagtail.edit", "data": {}, "timestamp": "2024-07-17T08:07:05.126Z", "uuid": "68a28a2f-a5ba-42ea-9955-52593f1ec91f", "user": 1, "revision": 3, "content_changed": true, "deleted": false, "page": 4}}, {"model": "wagtailcore.pagelogentry", "pk": 7, "fields": {"content_type": 56, "label": "Finance Courses", "action": "wagtail.publish", "data": {}, "timestamp": "2024-07-17T08:07:05.156Z", "uuid": "68a28a2f-a5ba-42ea-9955-52593f1ec91f", "user": 1, "revision": 3, "content_changed": true, "deleted": false, "page": 4}}, {"model": "wagtailcore.pagelogentry", "pk": 8, "fields": {"content_type": 55, "label": "One", "action": "wagtail.create", "data": {}, "timestamp": "2024-07-17T08:34:51.340Z", "uuid": "aaebc24f-0506-451b-be3f-dc61dd7e3beb", "user": 1, "revision": null, "content_changed": true, "deleted": false, "page": 5}}, {"model": "wagtailcore.pagelogentry", "pk": 9, "fields": {"content_type": 55, "label": "One", "action": "wagtail.edit", "data": {}, "timestamp": "2024-07-17T08:34:51.354Z", "uuid": "aaebc24f-0506-451b-be3f-dc61dd7e3beb", "user": 1, "revision": 4, "content_changed": true, "deleted": false, "page": 5}}, {"model": "wagtailcore.pagelogentry", "pk": 10, "fields": {"content_type": 55, "label": "One", "action": "wagtail.edit", "data": {}, "timestamp": "2024-07-17T08:34:54.970Z", "uuid": "42e0b3f0-04e4-4863-95c1-2af02695d2ce", "user": 1, "revision": 5, "content_changed": true, "deleted": false, "page": 5}}, {"model": "wagtailcore.pagelogentry", "pk": 11, "fields": {"content_type": 55, "label": "One", "action": "wagtail.publish", "data": {}, "timestamp": "2024-07-17T08:34:54.990Z", "uuid": "42e0b3f0-04e4-4863-95c1-2af02695d2ce", "user": 1, "revision": 5, "content_changed": false, "deleted": false, "page": 5}}, {"model": "wagtailcore.pagelogentry", "pk": 12, "fields": {"content_type": 29, "label": "About", "action": "wagtail.create", "data": {}, "timestamp": "2024-07-17T08:36:51.825Z", "uuid": "8ee25787-4076-4572-a8d2-48c4290500b1", "user": 1, "revision": null, "content_changed": true, "deleted": false, "page": 6}}, {"model": "wagtailcore.pagelogentry", "pk": 13, "fields": {"content_type": 29, "label": "About", "action": "wagtail.edit", "data": {}, "timestamp": "2024-07-17T08:36:51.836Z", "uuid": "8ee25787-4076-4572-a8d2-48c4290500b1", "user": 1, "revision": 6, "content_changed": true, "deleted": false, "page": 6}}, {"model": "wagtailcore.pagelogentry", "pk": 14, "fields": {"content_type": 29, "label": "About", "action": "wagtail.publish", "data": {}, "timestamp": "2024-07-17T08:36:51.855Z", "uuid": "8ee25787-4076-4572-a8d2-48c4290500b1", "user": 1, "revision": 6, "content_changed": true, "deleted": false, "page": 6}}, {"model": "wagtailcore.pagelogentry", "pk": 15, "fields": {"content_type": 29, "label": "About", "action": "wagtail.move", "data": {"source": {"id": 1, "title": "Root"}, "destination": {"id": 3, "title": "Home"}}, "timestamp": "2024-07-17T08:37:12.883Z", "uuid": "97e32807-7125-43df-ad43-015c03edec24", "user": 1, "revision": null, "content_changed": false, "deleted": false, "page": 6}}, {"model": "wagtailcore.pagelogentry", "pk": 16, "fields": {"content_type": 4, "label": "Home", "action": "wagtail.edit", "data": {}, "timestamp": "2024-07-17T08:50:43.182Z", "uuid": "9ae23e84-64e6-41c4-ad49-1c86a1ad735f", "user": 1, "revision": 7, "content_changed": true, "deleted": false, "page": 3}}, {"model": "wagtailcore.pagelogentry", "pk": 17, "fields": {"content_type": 4, "label": "We help Craft Dreams of Needy Students!", "action": "wagtail.rename", "data": {"title": {"old": "Home", "new": "We help Craft Dreams of Needy Students!"}}, "timestamp": "2024-07-17T08:50:43.200Z", "uuid": "9ae23e84-64e6-41c4-ad49-1c86a1ad735f", "user": 1, "revision": 7, "content_changed": false, "deleted": false, "page": 3}}, {"model": "wagtailcore.pagelogentry", "pk": 18, "fields": {"content_type": 4, "label": "We help Craft Dreams of Needy Students!", "action": "wagtail.publish", "data": {"title": {"old": "Home", "new": "We help Craft Dreams of Needy Students!"}}, "timestamp": "2024-07-17T08:50:43.202Z", "uuid": "9ae23e84-64e6-41c4-ad49-1c86a1ad735f", "user": 1, "revision": 7, "content_changed": true, "deleted": false, "page": 3}}, {"model": "wagtailcore.pagelogentry", "pk": 19, "fields": {"content_type": 4, "label": "We help Craft Dreams of Needy Students!", "action": "wagtail.edit", "data": {}, "timestamp": "2024-07-17T08:53:49.561Z", "uuid": "1a282fb7-ee28-4159-8925-16cff5ba941f", "user": 1, "revision": 8, "content_changed": true, "deleted": false, "page": 3}}, {"model": "wagtailcore.pagelogentry", "pk": 20, "fields": {"content_type": 4, "label": "We help Craft Dreams of Needy Students!", "action": "wagtail.publish", "data": {}, "timestamp": "2024-07-17T08:53:49.581Z", "uuid": "1a282fb7-ee28-4159-8925-16cff5ba941f", "user": 1, "revision": 8, "content_changed": true, "deleted": false, "page": 3}}, {"model": "wagtailcore.pagelogentry", "pk": 21, "fields": {"content_type": 4, "label": "We help Craft Dreams of Needy Students!", "action": "wagtail.edit", "data": {}, "timestamp": "2024-07-17T09:08:53.800Z", "uuid": "066ae5b8-36f8-4e0b-aa27-7f994a0dd6e8", "user": 1, "revision": 9, "content_changed": true, "deleted": false, "page": 3}}, {"model": "wagtailcore.pagelogentry", "pk": 22, "fields": {"content_type": 4, "label": "We help Craft Dreams of Needy Students!", "action": "wagtail.publish", "data": {}, "timestamp": "2024-07-17T09:08:53.824Z", "uuid": "066ae5b8-36f8-4e0b-aa27-7f994a0dd6e8", "user": 1, "revision": 9, "content_changed": true, "deleted": false, "page": 3}}, {"model": "wagtailcore.pagelogentry", "pk": 23, "fields": {"content_type": 33, "label": "About", "action": "wagtail.create", "data": {}, "timestamp": "2024-07-17T09:37:53.052Z", "uuid": "c986a5ce-c829-4fd7-b90c-15d6ac6dec62", "user": 1, "revision": null, "content_changed": true, "deleted": false, "page": 7}}, {"model": "wagtailcore.pagelogentry", "pk": 24, "fields": {"content_type": 33, "label": "About", "action": "wagtail.edit", "data": {}, "timestamp": "2024-07-17T09:37:53.065Z", "uuid": "c986a5ce-c829-4fd7-b90c-15d6ac6dec62", "user": 1, "revision": 10, "content_changed": true, "deleted": false, "page": 7}}, {"model": "wagtailcore.pagelogentry", "pk": 25, "fields": {"content_type": 33, "label": "About", "action": "wagtail.edit", "data": {}, "timestamp": "2024-07-17T09:37:55.614Z", "uuid": "3e486501-b1c0-49da-92ae-f740225972f7", "user": 1, "revision": 11, "content_changed": true, "deleted": false, "page": 7}}, {"model": "wagtailcore.pagelogentry", "pk": 26, "fields": {"content_type": 33, "label": "About", "action": "wagtail.publish", "data": {}, "timestamp": "2024-07-17T09:37:55.629Z", "uuid": "3e486501-b1c0-49da-92ae-f740225972f7", "user": 1, "revision": 11, "content_changed": false, "deleted": false, "page": 7}}, {"model": "wagtailcore.pagelogentry", "pk": 27, "fields": {"content_type": 33, "label": "About", "action": "wagtail.edit", "data": {}, "timestamp": "2024-07-17T09:38:35.947Z", "uuid": "0a363143-d753-41a7-9852-969dcd98761b", "user": 1, "revision": 12, "content_changed": true, "deleted": false, "page": 7}}, {"model": "wagtailcore.pagelogentry", "pk": 28, "fields": {"content_type": 33, "label": "Contact", "action": "wagtail.rename", "data": {"title": {"old": "About", "new": "Contact"}}, "timestamp": "2024-07-17T09:38:35.970Z", "uuid": "0a363143-d753-41a7-9852-969dcd98761b", "user": 1, "revision": 12, "content_changed": false, "deleted": false, "page": 7}}, {"model": "wagtailcore.pagelogentry", "pk": 29, "fields": {"content_type": 33, "label": "Contact", "action": "wagtail.publish", "data": {"title": {"old": "About", "new": "Contact"}}, "timestamp": "2024-07-17T09:38:35.973Z", "uuid": "0a363143-d753-41a7-9852-969dcd98761b", "user": 1, "revision": 12, "content_changed": true, "deleted": false, "page": 7}}, {"model": "wagtailcore.pagelogentry", "pk": 30, "fields": {"content_type": 1, "label": "Contact", "action": "wagtail.move", "data": {"source": {"id": 1, "title": "Root"}, "destination": {"id": 3, "title": "We help Craft Dreams of Needy Students!"}}, "timestamp": "2024-07-17T09:39:08.423Z", "uuid": "5644e9ca-7a35-4ccd-b146-d3789a3eb74c", "user": 1, "revision": null, "content_changed": false, "deleted": false, "page": 7}}, {"model": "wagtailcore.pagelogentry", "pk": 31, "fields": {"content_type": 29, "label": "Privacy Policy", "action": "wagtail.create", "data": {}, "timestamp": "2024-07-17T10:15:53.359Z", "uuid": "d0c10f60-04ed-44fc-9c16-6d2e2c8fb4b2", "user": 1, "revision": null, "content_changed": true, "deleted": false, "page": 8}}, {"model": "wagtailcore.pagelogentry", "pk": 32, "fields": {"content_type": 29, "label": "Privacy Policy", "action": "wagtail.edit", "data": {}, "timestamp": "2024-07-17T10:15:53.373Z", "uuid": "d0c10f60-04ed-44fc-9c16-6d2e2c8fb4b2", "user": 1, "revision": 13, "content_changed": true, "deleted": false, "page": 8}}, {"model": "wagtailcore.pagelogentry", "pk": 33, "fields": {"content_type": 29, "label": "Privacy Policy", "action": "wagtail.publish", "data": {}, "timestamp": "2024-07-17T10:15:53.393Z", "uuid": "d0c10f60-04ed-44fc-9c16-6d2e2c8fb4b2", "user": 1, "revision": 13, "content_changed": true, "deleted": false, "page": 8}}, {"model": "wagtailcore.pagelogentry", "pk": 34, "fields": {"content_type": 55, "label": "One", "action": "wagtail.edit", "data": {}, "timestamp": "2024-07-17T10:51:12.896Z", "uuid": "482b89fa-7f74-49a3-b6f8-f2515c492e68", "user": 1, "revision": 14, "content_changed": true, "deleted": false, "page": 5}}, {"model": "wagtailcore.pagelogentry", "pk": 35, "fields": {"content_type": 55, "label": "Introduction to Financial Accounting", "action": "wagtail.rename", "data": {"title": {"old": "One", "new": "Introduction to Financial Accounting"}}, "timestamp": "2024-07-17T10:51:12.919Z", "uuid": "482b89fa-7f74-49a3-b6f8-f2515c492e68", "user": 1, "revision": 14, "content_changed": false, "deleted": false, "page": 5}}, {"model": "wagtailcore.pagelogentry", "pk": 36, "fields": {"content_type": 55, "label": "Introduction to Financial Accounting", "action": "wagtail.publish", "data": {"title": {"old": "One", "new": "Introduction to Financial Accounting"}}, "timestamp": "2024-07-17T10:51:12.921Z", "uuid": "482b89fa-7f74-49a3-b6f8-f2515c492e68", "user": 1, "revision": 14, "content_changed": true, "deleted": false, "page": 5}}, {"model": "wagtailcore.pagelogentry", "pk": 37, "fields": {"content_type": 55, "label": "Introduction to Financial Accounting", "action": "wagtail.edit", "data": {}, "timestamp": "2024-07-17T10:51:46.754Z", "uuid": "c097f254-0d79-49ec-876c-058728399392", "user": 1, "revision": 15, "content_changed": true, "deleted": false, "page": 5}}, {"model": "wagtailcore.pagelogentry", "pk": 38, "fields": {"content_type": 55, "label": "Introduction to Financial Accounting", "action": "wagtail.publish", "data": {}, "timestamp": "2024-07-17T10:51:46.778Z", "uuid": "c097f254-0d79-49ec-876c-058728399392", "user": 1, "revision": 15, "content_changed": true, "deleted": false, "page": 5}}, {"model": "wagtailcore.pagelogentry", "pk": 39, "fields": {"content_type": 55, "label": "Introduction to Financial Accounting", "action": "wagtail.edit", "data": {}, "timestamp": "2024-07-17T10:53:18.374Z", "uuid": "8127ad69-45a9-4a5f-ad11-8bdbd359c7aa", "user": 1, "revision": 16, "content_changed": true, "deleted": false, "page": 5}}, {"model": "wagtailcore.pagelogentry", "pk": 40, "fields": {"content_type": 55, "label": "Introduction to Financial Accounting", "action": "wagtail.publish", "data": {}, "timestamp": "2024-07-17T10:53:18.400Z", "uuid": "8127ad69-45a9-4a5f-ad11-8bdbd359c7aa", "user": 1, "revision": 16, "content_changed": true, "deleted": false, "page": 5}}, {"model": "wagtailcore.pagelogentry", "pk": 41, "fields": {"content_type": 55, "label": "Introduction to Financial Accounting", "action": "wagtail.edit", "data": {}, "timestamp": "2024-07-17T10:54:36.535Z", "uuid": "092e3fa9-a1c9-43ba-bf80-e66717780800", "user": 1, "revision": 17, "content_changed": true, "deleted": false, "page": 5}}, {"model": "wagtailcore.pagelogentry", "pk": 42, "fields": {"content_type": 55, "label": "Introduction to Financial Accounting", "action": "wagtail.publish", "data": {}, "timestamp": "2024-07-17T10:54:36.597Z", "uuid": "092e3fa9-a1c9-43ba-bf80-e66717780800", "user": 1, "revision": 17, "content_changed": true, "deleted": false, "page": 5}}, {"model": "wagtailcore.pagelogentry", "pk": 43, "fields": {"content_type": 55, "label": "Introduction to Financial Accounting", "action": "wagtail.edit", "data": {}, "timestamp": "2024-07-18T10:03:27.076Z", "uuid": "c38a0422-7972-4622-b73b-140dfcafc996", "user": 1, "revision": 18, "content_changed": true, "deleted": false, "page": 5}}, {"model": "wagtailcore.pagelogentry", "pk": 44, "fields": {"content_type": 55, "label": "Introduction to Financial Accounting", "action": "wagtail.publish", "data": {}, "timestamp": "2024-07-18T10:03:27.100Z", "uuid": "c38a0422-7972-4622-b73b-140dfcafc996", "user": 1, "revision": 18, "content_changed": false, "deleted": false, "page": 5}}, {"model": "wagtailcore.pagelogentry", "pk": 45, "fields": {"content_type": 29, "label": "Privacy Policy", "action": "wagtail.edit", "data": {}, "timestamp": "2024-07-20T10:12:21.820Z", "uuid": "7fe56bfd-048a-48f1-9353-058a326e51bb", "user": 1, "revision": 19, "content_changed": true, "deleted": false, "page": 8}}, {"model": "wagtailcore.pagelogentry", "pk": 46, "fields": {"content_type": 29, "label": "Privacy Policy", "action": "wagtail.publish", "data": {}, "timestamp": "2024-07-20T10:12:21.843Z", "uuid": "7fe56bfd-048a-48f1-9353-058a326e51bb", "user": 1, "revision": 19, "content_changed": true, "deleted": false, "page": 8}}, {"model": "wagtailcore.pagesubscription", "pk": 1, "fields": {"user": 1, "page": 3, "comment_notifications": false}}, {"model": "wagtailcore.pagesubscription", "pk": 2, "fields": {"user": 1, "page": 4, "comment_notifications": true}}, {"model": "wagtailcore.pagesubscription", "pk": 3, "fields": {"user": 1, "page": 5, "comment_notifications": true}}, {"model": "wagtailcore.pagesubscription", "pk": 4, "fields": {"user": 1, "page": 6, "comment_notifications": true}}, {"model": "wagtailcore.pagesubscription", "pk": 5, "fields": {"user": 1, "page": 7, "comment_notifications": true}}, {"model": "wagtailcore.pagesubscription", "pk": 6, "fields": {"user": 1, "page": 8, "comment_notifications": true}}, {"model": "taggit.tag", "pk": 1, "fields": {"name": "sopan", "slug": "sopan"}}, {"model": "taggit.tag", "pk": 2, "fields": {"name": "finance", "slug": "finance"}}, {"model": "taggit.taggeditem", "pk": 1, "fields": {"tag": 1, "content_type": 2, "object_id": 5}}, {"model": "auth.permission", "pk": 1, "fields": {"name": "Can add image", "content_type": 2, "codename": "add_image"}}, {"model": "auth.permission", "pk": 2, "fields": {"name": "Can change image", "content_type": 2, "codename": "change_image"}}, {"model": "auth.permission", "pk": 3, "fields": {"name": "Can delete image", "content_type": 2, "codename": "delete_image"}}, {"model": "auth.permission", "pk": 4, "fields": {"name": "Can choose image", "content_type": 2, "codename": "choose_image"}}, {"model": "auth.permission", "pk": 5, "fields": {"name": "Can add locale", "content_type": 5, "codename": "add_locale"}}, {"model": "auth.permission", "pk": 6, "fields": {"name": "Can change locale", "content_type": 5, "codename": "change_locale"}}, {"model": "auth.permission", "pk": 7, "fields": {"name": "Can delete locale", "content_type": 5, "codename": "delete_locale"}}, {"model": "auth.permission", "pk": 8, "fields": {"name": "Can view locale", "content_type": 5, "codename": "view_locale"}}, {"model": "auth.permission", "pk": 9, "fields": {"name": "Can add site", "content_type": 6, "codename": "add_site"}}, {"model": "auth.permission", "pk": 10, "fields": {"name": "Can change site", "content_type": 6, "codename": "change_site"}}, {"model": "auth.permission", "pk": 11, "fields": {"name": "Can delete site", "content_type": 6, "codename": "delete_site"}}, {"model": "auth.permission", "pk": 12, "fields": {"name": "Can view site", "content_type": 6, "codename": "view_site"}}, {"model": "auth.permission", "pk": 13, "fields": {"name": "Can add model log entry", "content_type": 7, "codename": "add_modellogentry"}}, {"model": "auth.permission", "pk": 14, "fields": {"name": "Can change model log entry", "content_type": 7, "codename": "change_modellogentry"}}, {"model": "auth.permission", "pk": 15, "fields": {"name": "Can delete model log entry", "content_type": 7, "codename": "delete_modellogentry"}}, {"model": "auth.permission", "pk": 16, "fields": {"name": "Can view model log entry", "content_type": 7, "codename": "view_modellogentry"}}, {"model": "auth.permission", "pk": 17, "fields": {"name": "Can add collection view restriction", "content_type": 8, "codename": "add_collectionviewrestriction"}}, {"model": "auth.permission", "pk": 18, "fields": {"name": "Can change collection view restriction", "content_type": 8, "codename": "change_collectionviewrestriction"}}, {"model": "auth.permission", "pk": 19, "fields": {"name": "Can delete collection view restriction", "content_type": 8, "codename": "delete_collectionviewrestriction"}}, {"model": "auth.permission", "pk": 20, "fields": {"name": "Can view collection view restriction", "content_type": 8, "codename": "view_collectionviewrestriction"}}, {"model": "auth.permission", "pk": 21, "fields": {"name": "Can add collection", "content_type": 9, "codename": "add_collection"}}, {"model": "auth.permission", "pk": 22, "fields": {"name": "Can change collection", "content_type": 9, "codename": "change_collection"}}, {"model": "auth.permission", "pk": 23, "fields": {"name": "Can delete collection", "content_type": 9, "codename": "delete_collection"}}, {"model": "auth.permission", "pk": 24, "fields": {"name": "Can view collection", "content_type": 9, "codename": "view_collection"}}, {"model": "auth.permission", "pk": 25, "fields": {"name": "Can add group collection permission", "content_type": 10, "codename": "add_groupcollectionpermission"}}, {"model": "auth.permission", "pk": 26, "fields": {"name": "Can change group collection permission", "content_type": 10, "codename": "change_groupcollectionpermission"}}, {"model": "auth.permission", "pk": 27, "fields": {"name": "Can delete group collection permission", "content_type": 10, "codename": "delete_groupcollectionpermission"}}, {"model": "auth.permission", "pk": 28, "fields": {"name": "Can view group collection permission", "content_type": 10, "codename": "view_groupcollectionpermission"}}, {"model": "auth.permission", "pk": 29, "fields": {"name": "Can add reference index", "content_type": 11, "codename": "add_referenceindex"}}, {"model": "auth.permission", "pk": 30, "fields": {"name": "Can change reference index", "content_type": 11, "codename": "change_referenceindex"}}, {"model": "auth.permission", "pk": 31, "fields": {"name": "Can delete reference index", "content_type": 11, "codename": "delete_referenceindex"}}, {"model": "auth.permission", "pk": 32, "fields": {"name": "Can view reference index", "content_type": 11, "codename": "view_referenceindex"}}, {"model": "auth.permission", "pk": 33, "fields": {"name": "Can add page", "content_type": 1, "codename": "add_page"}}, {"model": "auth.permission", "pk": 34, "fields": {"name": "Can change page", "content_type": 1, "codename": "change_page"}}, {"model": "auth.permission", "pk": 35, "fields": {"name": "Can delete page", "content_type": 1, "codename": "delete_page"}}, {"model": "auth.permission", "pk": 36, "fields": {"name": "Can view page", "content_type": 1, "codename": "view_page"}}, {"model": "auth.permission", "pk": 37, "fields": {"name": "Delete pages with children", "content_type": 1, "codename": "bulk_delete_page"}}, {"model": "auth.permission", "pk": 38, "fields": {"name": "Lock/unlock pages you've locked", "content_type": 1, "codename": "lock_page"}}, {"model": "auth.permission", "pk": 39, "fields": {"name": "Publish any page", "content_type": 1, "codename": "publish_page"}}, {"model": "auth.permission", "pk": 40, "fields": {"name": "Unlock any page", "content_type": 1, "codename": "unlock_page"}}, {"model": "auth.permission", "pk": 41, "fields": {"name": "Can add revision", "content_type": 12, "codename": "add_revision"}}, {"model": "auth.permission", "pk": 42, "fields": {"name": "Can change revision", "content_type": 12, "codename": "change_revision"}}, {"model": "auth.permission", "pk": 43, "fields": {"name": "Can delete revision", "content_type": 12, "codename": "delete_revision"}}, {"model": "auth.permission", "pk": 44, "fields": {"name": "Can view revision", "content_type": 12, "codename": "view_revision"}}, {"model": "auth.permission", "pk": 45, "fields": {"name": "Can add group page permission", "content_type": 13, "codename": "add_grouppagepermission"}}, {"model": "auth.permission", "pk": 46, "fields": {"name": "Can change group page permission", "content_type": 13, "codename": "change_grouppagepermission"}}, {"model": "auth.permission", "pk": 47, "fields": {"name": "Can delete group page permission", "content_type": 13, "codename": "delete_grouppagepermission"}}, {"model": "auth.permission", "pk": 48, "fields": {"name": "Can view group page permission", "content_type": 13, "codename": "view_grouppagepermission"}}, {"model": "auth.permission", "pk": 49, "fields": {"name": "Can add page view restriction", "content_type": 14, "codename": "add_pageviewrestriction"}}, {"model": "auth.permission", "pk": 50, "fields": {"name": "Can change page view restriction", "content_type": 14, "codename": "change_pageviewrestriction"}}, {"model": "auth.permission", "pk": 51, "fields": {"name": "Can delete page view restriction", "content_type": 14, "codename": "delete_pageviewrestriction"}}, {"model": "auth.permission", "pk": 52, "fields": {"name": "Can view page view restriction", "content_type": 14, "codename": "view_pageviewrestriction"}}, {"model": "auth.permission", "pk": 53, "fields": {"name": "Can add workflow page", "content_type": 15, "codename": "add_workflowpage"}}, {"model": "auth.permission", "pk": 54, "fields": {"name": "Can change workflow page", "content_type": 15, "codename": "change_workflowpage"}}, {"model": "auth.permission", "pk": 55, "fields": {"name": "Can delete workflow page", "content_type": 15, "codename": "delete_workflowpage"}}, {"model": "auth.permission", "pk": 56, "fields": {"name": "Can view workflow page", "content_type": 15, "codename": "view_workflowpage"}}, {"model": "auth.permission", "pk": 57, "fields": {"name": "Can add workflow content type", "content_type": 16, "codename": "add_workflowcontenttype"}}, {"model": "auth.permission", "pk": 58, "fields": {"name": "Can change workflow content type", "content_type": 16, "codename": "change_workflowcontenttype"}}, {"model": "auth.permission", "pk": 59, "fields": {"name": "Can delete workflow content type", "content_type": 16, "codename": "delete_workflowcontenttype"}}, {"model": "auth.permission", "pk": 60, "fields": {"name": "Can view workflow content type", "content_type": 16, "codename": "view_workflowcontenttype"}}, {"model": "auth.permission", "pk": 61, "fields": {"name": "Can add workflow task order", "content_type": 17, "codename": "add_workflowtask"}}, {"model": "auth.permission", "pk": 62, "fields": {"name": "Can change workflow task order", "content_type": 17, "codename": "change_workflowtask"}}, {"model": "auth.permission", "pk": 63, "fields": {"name": "Can delete workflow task order", "content_type": 17, "codename": "delete_workflowtask"}}, {"model": "auth.permission", "pk": 64, "fields": {"name": "Can view workflow task order", "content_type": 17, "codename": "view_workflowtask"}}, {"model": "auth.permission", "pk": 65, "fields": {"name": "Can add task", "content_type": 18, "codename": "add_task"}}, {"model": "auth.permission", "pk": 66, "fields": {"name": "Can change task", "content_type": 18, "codename": "change_task"}}, {"model": "auth.permission", "pk": 67, "fields": {"name": "Can delete task", "content_type": 18, "codename": "delete_task"}}, {"model": "auth.permission", "pk": 68, "fields": {"name": "Can view task", "content_type": 18, "codename": "view_task"}}, {"model": "auth.permission", "pk": 69, "fields": {"name": "Can add workflow", "content_type": 19, "codename": "add_workflow"}}, {"model": "auth.permission", "pk": 70, "fields": {"name": "Can change workflow", "content_type": 19, "codename": "change_workflow"}}, {"model": "auth.permission", "pk": 71, "fields": {"name": "Can delete workflow", "content_type": 19, "codename": "delete_workflow"}}, {"model": "auth.permission", "pk": 72, "fields": {"name": "Can view workflow", "content_type": 19, "codename": "view_workflow"}}, {"model": "auth.permission", "pk": 73, "fields": {"name": "Can add Group approval task", "content_type": 3, "codename": "add_groupapprovaltask"}}, {"model": "auth.permission", "pk": 74, "fields": {"name": "Can change Group approval task", "content_type": 3, "codename": "change_groupapprovaltask"}}, {"model": "auth.permission", "pk": 75, "fields": {"name": "Can delete Group approval task", "content_type": 3, "codename": "delete_groupapprovaltask"}}, {"model": "auth.permission", "pk": 76, "fields": {"name": "Can view Group approval task", "content_type": 3, "codename": "view_groupapprovaltask"}}, {"model": "auth.permission", "pk": 77, "fields": {"name": "Can add Workflow state", "content_type": 20, "codename": "add_workflowstate"}}, {"model": "auth.permission", "pk": 78, "fields": {"name": "Can change Workflow state", "content_type": 20, "codename": "change_workflowstate"}}, {"model": "auth.permission", "pk": 79, "fields": {"name": "Can delete Workflow state", "content_type": 20, "codename": "delete_workflowstate"}}, {"model": "auth.permission", "pk": 80, "fields": {"name": "Can view Workflow state", "content_type": 20, "codename": "view_workflowstate"}}, {"model": "auth.permission", "pk": 81, "fields": {"name": "Can add Task state", "content_type": 21, "codename": "add_taskstate"}}, {"model": "auth.permission", "pk": 82, "fields": {"name": "Can change Task state", "content_type": 21, "codename": "change_taskstate"}}, {"model": "auth.permission", "pk": 83, "fields": {"name": "Can delete Task state", "content_type": 21, "codename": "delete_taskstate"}}, {"model": "auth.permission", "pk": 84, "fields": {"name": "Can view Task state", "content_type": 21, "codename": "view_taskstate"}}, {"model": "auth.permission", "pk": 85, "fields": {"name": "Can add page log entry", "content_type": 22, "codename": "add_pagelogentry"}}, {"model": "auth.permission", "pk": 86, "fields": {"name": "Can change page log entry", "content_type": 22, "codename": "change_pagelogentry"}}, {"model": "auth.permission", "pk": 87, "fields": {"name": "Can delete page log entry", "content_type": 22, "codename": "delete_pagelogentry"}}, {"model": "auth.permission", "pk": 88, "fields": {"name": "Can view page log entry", "content_type": 22, "codename": "view_pagelogentry"}}, {"model": "auth.permission", "pk": 89, "fields": {"name": "Can add comment", "content_type": 23, "codename": "add_comment"}}, {"model": "auth.permission", "pk": 90, "fields": {"name": "Can change comment", "content_type": 23, "codename": "change_comment"}}, {"model": "auth.permission", "pk": 91, "fields": {"name": "Can delete comment", "content_type": 23, "codename": "delete_comment"}}, {"model": "auth.permission", "pk": 92, "fields": {"name": "Can view comment", "content_type": 23, "codename": "view_comment"}}, {"model": "auth.permission", "pk": 93, "fields": {"name": "Can add comment reply", "content_type": 24, "codename": "add_commentreply"}}, {"model": "auth.permission", "pk": 94, "fields": {"name": "Can change comment reply", "content_type": 24, "codename": "change_commentreply"}}, {"model": "auth.permission", "pk": 95, "fields": {"name": "Can delete comment reply", "content_type": 24, "codename": "delete_commentreply"}}, {"model": "auth.permission", "pk": 96, "fields": {"name": "Can view comment reply", "content_type": 24, "codename": "view_commentreply"}}, {"model": "auth.permission", "pk": 97, "fields": {"name": "Can add page subscription", "content_type": 25, "codename": "add_pagesubscription"}}, {"model": "auth.permission", "pk": 98, "fields": {"name": "Can change page subscription", "content_type": 25, "codename": "change_pagesubscription"}}, {"model": "auth.permission", "pk": 99, "fields": {"name": "Can delete page subscription", "content_type": 25, "codename": "delete_pagesubscription"}}, {"model": "auth.permission", "pk": 100, "fields": {"name": "Can view page subscription", "content_type": 25, "codename": "view_pagesubscription"}}, {"model": "auth.permission", "pk": 101, "fields": {"name": "Can access Wagtail admin", "content_type": 26, "codename": "access_admin"}}, {"model": "auth.permission", "pk": 102, "fields": {"name": "Can add document", "content_type": 27, "codename": "add_document"}}, {"model": "auth.permission", "pk": 103, "fields": {"name": "Can change document", "content_type": 27, "codename": "change_document"}}, {"model": "auth.permission", "pk": 104, "fields": {"name": "Can delete document", "content_type": 27, "codename": "delete_document"}}, {"model": "auth.permission", "pk": 105, "fields": {"name": "Can choose document", "content_type": 27, "codename": "choose_document"}}, {"model": "auth.permission", "pk": 106, "fields": {"name": "Can add home page", "content_type": 4, "codename": "add_homepage"}}, {"model": "auth.permission", "pk": 107, "fields": {"name": "Can change home page", "content_type": 4, "codename": "change_homepage"}}, {"model": "auth.permission", "pk": 108, "fields": {"name": "Can delete home page", "content_type": 4, "codename": "delete_homepage"}}, {"model": "auth.permission", "pk": 109, "fields": {"name": "Can view home page", "content_type": 4, "codename": "view_homepage"}}, {"model": "auth.permission", "pk": 110, "fields": {"name": "Can add generic settings", "content_type": 28, "codename": "add_genericsettings"}}, {"model": "auth.permission", "pk": 111, "fields": {"name": "Can change generic settings", "content_type": 28, "codename": "change_genericsettings"}}, {"model": "auth.permission", "pk": 112, "fields": {"name": "Can delete generic settings", "content_type": 28, "codename": "delete_genericsettings"}}, {"model": "auth.permission", "pk": 113, "fields": {"name": "Can view generic settings", "content_type": 28, "codename": "view_genericsettings"}}, {"model": "auth.permission", "pk": 114, "fields": {"name": "Can add standard page", "content_type": 29, "codename": "add_standardpage"}}, {"model": "auth.permission", "pk": 115, "fields": {"name": "Can change standard page", "content_type": 29, "codename": "change_standardpage"}}, {"model": "auth.permission", "pk": 116, "fields": {"name": "Can delete standard page", "content_type": 29, "codename": "delete_standardpage"}}, {"model": "auth.permission", "pk": 117, "fields": {"name": "Can view standard page", "content_type": 29, "codename": "view_standardpage"}}, {"model": "auth.permission", "pk": 118, "fields": {"name": "Can add site settings", "content_type": 30, "codename": "add_sitesettings"}}, {"model": "auth.permission", "pk": 119, "fields": {"name": "Can change site settings", "content_type": 30, "codename": "change_sitesettings"}}, {"model": "auth.permission", "pk": 120, "fields": {"name": "Can delete site settings", "content_type": 30, "codename": "delete_sitesettings"}}, {"model": "auth.permission", "pk": 121, "fields": {"name": "Can view site settings", "content_type": 30, "codename": "view_sitesettings"}}, {"model": "auth.permission", "pk": 122, "fields": {"name": "Can add Person", "content_type": 31, "codename": "add_person"}}, {"model": "auth.permission", "pk": 123, "fields": {"name": "Can change Person", "content_type": 31, "codename": "change_person"}}, {"model": "auth.permission", "pk": 124, "fields": {"name": "Can delete Person", "content_type": 31, "codename": "delete_person"}}, {"model": "auth.permission", "pk": 125, "fields": {"name": "Can view Person", "content_type": 31, "codename": "view_person"}}, {"model": "auth.permission", "pk": 126, "fields": {"name": "Can add gallery page", "content_type": 32, "codename": "add_gallerypage"}}, {"model": "auth.permission", "pk": 127, "fields": {"name": "Can change gallery page", "content_type": 32, "codename": "change_gallerypage"}}, {"model": "auth.permission", "pk": 128, "fields": {"name": "Can delete gallery page", "content_type": 32, "codename": "delete_gallerypage"}}, {"model": "auth.permission", "pk": 129, "fields": {"name": "Can view gallery page", "content_type": 32, "codename": "view_gallerypage"}}, {"model": "auth.permission", "pk": 130, "fields": {"name": "Can add form page", "content_type": 33, "codename": "add_formpage"}}, {"model": "auth.permission", "pk": 131, "fields": {"name": "Can change form page", "content_type": 33, "codename": "change_formpage"}}, {"model": "auth.permission", "pk": 132, "fields": {"name": "Can delete form page", "content_type": 33, "codename": "delete_formpage"}}, {"model": "auth.permission", "pk": 133, "fields": {"name": "Can view form page", "content_type": 33, "codename": "view_formpage"}}, {"model": "auth.permission", "pk": 134, "fields": {"name": "Can add form field", "content_type": 34, "codename": "add_formfield"}}, {"model": "auth.permission", "pk": 135, "fields": {"name": "Can change form field", "content_type": 34, "codename": "change_formfield"}}, {"model": "auth.permission", "pk": 136, "fields": {"name": "Can delete form field", "content_type": 34, "codename": "delete_formfield"}}, {"model": "auth.permission", "pk": 137, "fields": {"name": "Can view form field", "content_type": 34, "codename": "view_formfield"}}, {"model": "auth.permission", "pk": 138, "fields": {"name": "Can add footer text", "content_type": 35, "codename": "add_footertext"}}, {"model": "auth.permission", "pk": 139, "fields": {"name": "Can change footer text", "content_type": 35, "codename": "change_footertext"}}, {"model": "auth.permission", "pk": 140, "fields": {"name": "Can delete footer text", "content_type": 35, "codename": "delete_footertext"}}, {"model": "auth.permission", "pk": 141, "fields": {"name": "Can view footer text", "content_type": 35, "codename": "view_footertext"}}, {"model": "auth.permission", "pk": 142, "fields": {"name": "Can add form submission", "content_type": 36, "codename": "add_formsubmission"}}, {"model": "auth.permission", "pk": 143, "fields": {"name": "Can change form submission", "content_type": 36, "codename": "change_formsubmission"}}, {"model": "auth.permission", "pk": 144, "fields": {"name": "Can delete form submission", "content_type": 36, "codename": "delete_formsubmission"}}, {"model": "auth.permission", "pk": 145, "fields": {"name": "Can view form submission", "content_type": 36, "codename": "view_formsubmission"}}, {"model": "auth.permission", "pk": 146, "fields": {"name": "Can add redirect", "content_type": 37, "codename": "add_redirect"}}, {"model": "auth.permission", "pk": 147, "fields": {"name": "Can change redirect", "content_type": 37, "codename": "change_redirect"}}, {"model": "auth.permission", "pk": 148, "fields": {"name": "Can delete redirect", "content_type": 37, "codename": "delete_redirect"}}, {"model": "auth.permission", "pk": 149, "fields": {"name": "Can view redirect", "content_type": 37, "codename": "view_redirect"}}, {"model": "auth.permission", "pk": 150, "fields": {"name": "Can add embed", "content_type": 38, "codename": "add_embed"}}, {"model": "auth.permission", "pk": 151, "fields": {"name": "Can change embed", "content_type": 38, "codename": "change_embed"}}, {"model": "auth.permission", "pk": 152, "fields": {"name": "Can delete embed", "content_type": 38, "codename": "delete_embed"}}, {"model": "auth.permission", "pk": 153, "fields": {"name": "Can view embed", "content_type": 38, "codename": "view_embed"}}, {"model": "auth.permission", "pk": 154, "fields": {"name": "Can add user profile", "content_type": 39, "codename": "add_userprofile"}}, {"model": "auth.permission", "pk": 155, "fields": {"name": "Can change user profile", "content_type": 39, "codename": "change_userprofile"}}, {"model": "auth.permission", "pk": 156, "fields": {"name": "Can delete user profile", "content_type": 39, "codename": "delete_userprofile"}}, {"model": "auth.permission", "pk": 157, "fields": {"name": "Can view user profile", "content_type": 39, "codename": "view_userprofile"}}, {"model": "auth.permission", "pk": 158, "fields": {"name": "Can view document", "content_type": 27, "codename": "view_document"}}, {"model": "auth.permission", "pk": 159, "fields": {"name": "Can add uploaded document", "content_type": 40, "codename": "add_uploadeddocument"}}, {"model": "auth.permission", "pk": 160, "fields": {"name": "Can change uploaded document", "content_type": 40, "codename": "change_uploadeddocument"}}, {"model": "auth.permission", "pk": 161, "fields": {"name": "Can delete uploaded document", "content_type": 40, "codename": "delete_uploadeddocument"}}, {"model": "auth.permission", "pk": 162, "fields": {"name": "Can view uploaded document", "content_type": 40, "codename": "view_uploadeddocument"}}, {"model": "auth.permission", "pk": 163, "fields": {"name": "Can view image", "content_type": 2, "codename": "view_image"}}, {"model": "auth.permission", "pk": 164, "fields": {"name": "Can add rendition", "content_type": 41, "codename": "add_rendition"}}, {"model": "auth.permission", "pk": 165, "fields": {"name": "Can change rendition", "content_type": 41, "codename": "change_rendition"}}, {"model": "auth.permission", "pk": 166, "fields": {"name": "Can delete rendition", "content_type": 41, "codename": "delete_rendition"}}, {"model": "auth.permission", "pk": 167, "fields": {"name": "Can view rendition", "content_type": 41, "codename": "view_rendition"}}, {"model": "auth.permission", "pk": 168, "fields": {"name": "Can add uploaded image", "content_type": 42, "codename": "add_uploadedimage"}}, {"model": "auth.permission", "pk": 169, "fields": {"name": "Can change uploaded image", "content_type": 42, "codename": "change_uploadedimage"}}, {"model": "auth.permission", "pk": 170, "fields": {"name": "Can delete uploaded image", "content_type": 42, "codename": "delete_uploadedimage"}}, {"model": "auth.permission", "pk": 171, "fields": {"name": "Can view uploaded image", "content_type": 42, "codename": "view_uploadedimage"}}, {"model": "auth.permission", "pk": 172, "fields": {"name": "Can add index entry", "content_type": 43, "codename": "add_indexentry"}}, {"model": "auth.permission", "pk": 173, "fields": {"name": "Can change index entry", "content_type": 43, "codename": "change_indexentry"}}, {"model": "auth.permission", "pk": 174, "fields": {"name": "Can delete index entry", "content_type": 43, "codename": "delete_indexentry"}}, {"model": "auth.permission", "pk": 175, "fields": {"name": "Can view index entry", "content_type": 43, "codename": "view_indexentry"}}, {"model": "auth.permission", "pk": 176, "fields": {"name": "Can add sqliteftsindexentry", "content_type": 44, "codename": "add_sqliteftsindexentry"}}, {"model": "auth.permission", "pk": 177, "fields": {"name": "Can change sqliteftsindexentry", "content_type": 44, "codename": "change_sqliteftsindexentry"}}, {"model": "auth.permission", "pk": 178, "fields": {"name": "Can delete sqliteftsindexentry", "content_type": 44, "codename": "delete_sqliteftsindexentry"}}, {"model": "auth.permission", "pk": 179, "fields": {"name": "Can view sqliteftsindexentry", "content_type": 44, "codename": "view_sqliteftsindexentry"}}, {"model": "auth.permission", "pk": 180, "fields": {"name": "Can add tag", "content_type": 45, "codename": "add_tag"}}, {"model": "auth.permission", "pk": 181, "fields": {"name": "Can change tag", "content_type": 45, "codename": "change_tag"}}, {"model": "auth.permission", "pk": 182, "fields": {"name": "Can delete tag", "content_type": 45, "codename": "delete_tag"}}, {"model": "auth.permission", "pk": 183, "fields": {"name": "Can view tag", "content_type": 45, "codename": "view_tag"}}, {"model": "auth.permission", "pk": 184, "fields": {"name": "Can add tagged item", "content_type": 46, "codename": "add_taggeditem"}}, {"model": "auth.permission", "pk": 185, "fields": {"name": "Can change tagged item", "content_type": 46, "codename": "change_taggeditem"}}, {"model": "auth.permission", "pk": 186, "fields": {"name": "Can delete tagged item", "content_type": 46, "codename": "delete_taggeditem"}}, {"model": "auth.permission", "pk": 187, "fields": {"name": "Can view tagged item", "content_type": 46, "codename": "view_taggeditem"}}, {"model": "auth.permission", "pk": 188, "fields": {"name": "Can add log entry", "content_type": 47, "codename": "add_logentry"}}, {"model": "auth.permission", "pk": 189, "fields": {"name": "Can change log entry", "content_type": 47, "codename": "change_logentry"}}, {"model": "auth.permission", "pk": 190, "fields": {"name": "Can delete log entry", "content_type": 47, "codename": "delete_logentry"}}, {"model": "auth.permission", "pk": 191, "fields": {"name": "Can view log entry", "content_type": 47, "codename": "view_logentry"}}, {"model": "auth.permission", "pk": 192, "fields": {"name": "Can add permission", "content_type": 48, "codename": "add_permission"}}, {"model": "auth.permission", "pk": 193, "fields": {"name": "Can change permission", "content_type": 48, "codename": "change_permission"}}, {"model": "auth.permission", "pk": 194, "fields": {"name": "Can delete permission", "content_type": 48, "codename": "delete_permission"}}, {"model": "auth.permission", "pk": 195, "fields": {"name": "Can view permission", "content_type": 48, "codename": "view_permission"}}, {"model": "auth.permission", "pk": 196, "fields": {"name": "Can add group", "content_type": 49, "codename": "add_group"}}, {"model": "auth.permission", "pk": 197, "fields": {"name": "Can change group", "content_type": 49, "codename": "change_group"}}, {"model": "auth.permission", "pk": 198, "fields": {"name": "Can delete group", "content_type": 49, "codename": "delete_group"}}, {"model": "auth.permission", "pk": 199, "fields": {"name": "Can view group", "content_type": 49, "codename": "view_group"}}, {"model": "auth.permission", "pk": 200, "fields": {"name": "Can add user", "content_type": 50, "codename": "add_user"}}, {"model": "auth.permission", "pk": 201, "fields": {"name": "Can change user", "content_type": 50, "codename": "change_user"}}, {"model": "auth.permission", "pk": 202, "fields": {"name": "Can delete user", "content_type": 50, "codename": "delete_user"}}, {"model": "auth.permission", "pk": 203, "fields": {"name": "Can view user", "content_type": 50, "codename": "view_user"}}, {"model": "auth.permission", "pk": 204, "fields": {"name": "Can add content type", "content_type": 51, "codename": "add_contenttype"}}, {"model": "auth.permission", "pk": 205, "fields": {"name": "Can change content type", "content_type": 51, "codename": "change_contenttype"}}, {"model": "auth.permission", "pk": 206, "fields": {"name": "Can delete content type", "content_type": 51, "codename": "delete_contenttype"}}, {"model": "auth.permission", "pk": 207, "fields": {"name": "Can view content type", "content_type": 51, "codename": "view_contenttype"}}, {"model": "auth.permission", "pk": 208, "fields": {"name": "Can add session", "content_type": 52, "codename": "add_session"}}, {"model": "auth.permission", "pk": 209, "fields": {"name": "Can change session", "content_type": 52, "codename": "change_session"}}, {"model": "auth.permission", "pk": 210, "fields": {"name": "Can delete session", "content_type": 52, "codename": "delete_session"}}, {"model": "auth.permission", "pk": 211, "fields": {"name": "Can view session", "content_type": 52, "codename": "view_session"}}, {"model": "auth.permission", "pk": 212, "fields": {"name": "Can add unblocklife logo", "content_type": 53, "codename": "add_unblocklifelogo"}}, {"model": "auth.permission", "pk": 213, "fields": {"name": "Can change unblocklife logo", "content_type": 53, "codename": "change_unblocklifelogo"}}, {"model": "auth.permission", "pk": 214, "fields": {"name": "Can delete unblocklife logo", "content_type": 53, "codename": "delete_unblocklifelogo"}}, {"model": "auth.permission", "pk": 215, "fields": {"name": "Can view unblocklife logo", "content_type": 53, "codename": "view_unblocklifelogo"}}, {"model": "auth.permission", "pk": 216, "fields": {"name": "Can add unblocklife thankyou", "content_type": 54, "codename": "add_unblocklifethankyou"}}, {"model": "auth.permission", "pk": 217, "fields": {"name": "Can change unblocklife thankyou", "content_type": 54, "codename": "change_unblocklifethankyou"}}, {"model": "auth.permission", "pk": 218, "fields": {"name": "Can delete unblocklife thankyou", "content_type": 54, "codename": "delete_unblocklifethankyou"}}, {"model": "auth.permission", "pk": 219, "fields": {"name": "Can view unblocklife thankyou", "content_type": 54, "codename": "view_unblocklifethankyou"}}, {"model": "auth.permission", "pk": 220, "fields": {"name": "Can add courses page", "content_type": 55, "codename": "add_coursespage"}}, {"model": "auth.permission", "pk": 221, "fields": {"name": "Can change courses page", "content_type": 55, "codename": "change_coursespage"}}, {"model": "auth.permission", "pk": 222, "fields": {"name": "Can delete courses page", "content_type": 55, "codename": "delete_coursespage"}}, {"model": "auth.permission", "pk": 223, "fields": {"name": "Can view courses page", "content_type": 55, "codename": "view_coursespage"}}, {"model": "auth.permission", "pk": 224, "fields": {"name": "Can add courses index page", "content_type": 56, "codename": "add_coursesindexpage"}}, {"model": "auth.permission", "pk": 225, "fields": {"name": "Can change courses index page", "content_type": 56, "codename": "change_coursesindexpage"}}, {"model": "auth.permission", "pk": 226, "fields": {"name": "Can delete courses index page", "content_type": 56, "codename": "delete_coursesindexpage"}}, {"model": "auth.permission", "pk": 227, "fields": {"name": "Can view courses index page", "content_type": 56, "codename": "view_coursesindexpage"}}, {"model": "auth.permission", "pk": 228, "fields": {"name": "Can add courses page tag", "content_type": 57, "codename": "add_coursespagetag"}}, {"model": "auth.permission", "pk": 229, "fields": {"name": "Can change courses page tag", "content_type": 57, "codename": "change_coursespagetag"}}, {"model": "auth.permission", "pk": 230, "fields": {"name": "Can delete courses page tag", "content_type": 57, "codename": "delete_coursespagetag"}}, {"model": "auth.permission", "pk": 231, "fields": {"name": "Can view courses page tag", "content_type": 57, "codename": "view_coursespagetag"}}, {"model": "auth.group", "pk": 1, "fields": {"name": "Moderators", "permissions": [101, 102, 103, 105, 104, 1, 2, 3]}}, {"model": "auth.group", "pk": 2, "fields": {"name": "Editors", "permissions": [101, 102, 103, 105, 104, 1, 2, 3]}}, {"model": "auth.user", "pk": 1, "fields": {"password": "pbkdf2_sha256$600000$GfuVDVybksjdIwXISMbnYF$S41IQOG0xHyOq6zT7FSHfx6eufz7zz5QP/jKmItLhu0=", "last_login": "2024-07-20T11:51:53.324Z", "is_superuser": true, "username": "info@unblocklife.in", "first_name": "", "last_name": "", "email": "info@unblocklife.in", "is_staff": true, "is_active": true, "date_joined": "2024-07-16T10:25:29.284Z", "groups": [], "user_permissions": []}}, {"model": "contenttypes.contenttype", "pk": 1, "fields": {"app_label": "wagtailcore", "model": "page"}}, {"model": "contenttypes.contenttype", "pk": 2, "fields": {"app_label": "wagtailimages", "model": "image"}}, {"model": "contenttypes.contenttype", "pk": 3, "fields": {"app_label": "wagtailcore", "model": "groupapprovaltask"}}, {"model": "contenttypes.contenttype", "pk": 4, "fields": {"app_label": "home", "model": "homepage"}}, {"model": "contenttypes.contenttype", "pk": 5, "fields": {"app_label": "wagtailcore", "model": "locale"}}, {"model": "contenttypes.contenttype", "pk": 6, "fields": {"app_label": "wagtailcore", "model": "site"}}, {"model": "contenttypes.contenttype", "pk": 7, "fields": {"app_label": "wagtailcore", "model": "modellogentry"}}, {"model": "contenttypes.contenttype", "pk": 8, "fields": {"app_label": "wagtailcore", "model": "collectionviewrestriction"}}, {"model": "contenttypes.contenttype", "pk": 9, "fields": {"app_label": "wagtailcore", "model": "collection"}}, {"model": "contenttypes.contenttype", "pk": 10, "fields": {"app_label": "wagtailcore", "model": "groupcollectionpermission"}}, {"model": "contenttypes.contenttype", "pk": 11, "fields": {"app_label": "wagtailcore", "model": "referenceindex"}}, {"model": "contenttypes.contenttype", "pk": 12, "fields": {"app_label": "wagtailcore", "model": "revision"}}, {"model": "contenttypes.contenttype", "pk": 13, "fields": {"app_label": "wagtailcore", "model": "grouppagepermission"}}, {"model": "contenttypes.contenttype", "pk": 14, "fields": {"app_label": "wagtailcore", "model": "pageviewrestriction"}}, {"model": "contenttypes.contenttype", "pk": 15, "fields": {"app_label": "wagtailcore", "model": "workflowpage"}}, {"model": "contenttypes.contenttype", "pk": 16, "fields": {"app_label": "wagtailcore", "model": "workflowcontenttype"}}, {"model": "contenttypes.contenttype", "pk": 17, "fields": {"app_label": "wagtailcore", "model": "workflowtask"}}, {"model": "contenttypes.contenttype", "pk": 18, "fields": {"app_label": "wagtailcore", "model": "task"}}, {"model": "contenttypes.contenttype", "pk": 19, "fields": {"app_label": "wagtailcore", "model": "workflow"}}, {"model": "contenttypes.contenttype", "pk": 20, "fields": {"app_label": "wagtailcore", "model": "workflowstate"}}, {"model": "contenttypes.contenttype", "pk": 21, "fields": {"app_label": "wagtailcore", "model": "taskstate"}}, {"model": "contenttypes.contenttype", "pk": 22, "fields": {"app_label": "wagtailcore", "model": "pagelogentry"}}, {"model": "contenttypes.contenttype", "pk": 23, "fields": {"app_label": "wagtailcore", "model": "comment"}}, {"model": "contenttypes.contenttype", "pk": 24, "fields": {"app_label": "wagtailcore", "model": "commentreply"}}, {"model": "contenttypes.contenttype", "pk": 25, "fields": {"app_label": "wagtailcore", "model": "pagesubscription"}}, {"model": "contenttypes.contenttype", "pk": 26, "fields": {"app_label": "wagtailadmin", "model": "admin"}}, {"model": "contenttypes.contenttype", "pk": 27, "fields": {"app_label": "wagtaildocs", "model": "document"}}, {"model": "contenttypes.contenttype", "pk": 28, "fields": {"app_label": "home", "model": "genericsettings"}}, {"model": "contenttypes.contenttype", "pk": 29, "fields": {"app_label": "home", "model": "standardpage"}}, {"model": "contenttypes.contenttype", "pk": 30, "fields": {"app_label": "home", "model": "sitesettings"}}, {"model": "contenttypes.contenttype", "pk": 31, "fields": {"app_label": "home", "model": "person"}}, {"model": "contenttypes.contenttype", "pk": 32, "fields": {"app_label": "home", "model": "gallerypage"}}, {"model": "contenttypes.contenttype", "pk": 33, "fields": {"app_label": "home", "model": "formpage"}}, {"model": "contenttypes.contenttype", "pk": 34, "fields": {"app_label": "home", "model": "formfield"}}, {"model": "contenttypes.contenttype", "pk": 35, "fields": {"app_label": "home", "model": "footertext"}}, {"model": "contenttypes.contenttype", "pk": 36, "fields": {"app_label": "wagtailforms", "model": "formsubmission"}}, {"model": "contenttypes.contenttype", "pk": 37, "fields": {"app_label": "wagtailredirects", "model": "redirect"}}, {"model": "contenttypes.contenttype", "pk": 38, "fields": {"app_label": "wagtailembeds", "model": "embed"}}, {"model": "contenttypes.contenttype", "pk": 39, "fields": {"app_label": "wagtailusers", "model": "userprofile"}}, {"model": "contenttypes.contenttype", "pk": 40, "fields": {"app_label": "wagtaildocs", "model": "uploadeddocument"}}, {"model": "contenttypes.contenttype", "pk": 41, "fields": {"app_label": "wagtailimages", "model": "rendition"}}, {"model": "contenttypes.contenttype", "pk": 42, "fields": {"app_label": "wagtailimages", "model": "uploadedimage"}}, {"model": "contenttypes.contenttype", "pk": 43, "fields": {"app_label": "wagtailsearch", "model": "indexentry"}}, {"model": "contenttypes.contenttype", "pk": 44, "fields": {"app_label": "wagtailsearch", "model": "sqliteftsindexentry"}}, {"model": "contenttypes.contenttype", "pk": 45, "fields": {"app_label": "taggit", "model": "tag"}}, {"model": "contenttypes.contenttype", "pk": 46, "fields": {"app_label": "taggit", "model": "taggeditem"}}, {"model": "contenttypes.contenttype", "pk": 47, "fields": {"app_label": "admin", "model": "logentry"}}, {"model": "contenttypes.contenttype", "pk": 48, "fields": {"app_label": "auth", "model": "permission"}}, {"model": "contenttypes.contenttype", "pk": 49, "fields": {"app_label": "auth", "model": "group"}}, {"model": "contenttypes.contenttype", "pk": 50, "fields": {"app_label": "auth", "model": "user"}}, {"model": "contenttypes.contenttype", "pk": 51, "fields": {"app_label": "contenttypes", "model": "contenttype"}}, {"model": "contenttypes.contenttype", "pk": 52, "fields": {"app_label": "sessions", "model": "session"}}, {"model": "contenttypes.contenttype", "pk": 53, "fields": {"app_label": "home", "model": "unblocklifelogo"}}, {"model": "contenttypes.contenttype", "pk": 54, "fields": {"app_label": "home", "model": "unblocklifethankyou"}}, {"model": "contenttypes.contenttype", "pk": 55, "fields": {"app_label": "courses", "model": "coursespage"}}, {"model": "contenttypes.contenttype", "pk": 56, "fields": {"app_label": "courses", "model": "coursesindexpage"}}, {"model": "contenttypes.contenttype", "pk": 57, "fields": {"app_label": "courses", "model": "coursespagetag"}}, {"model": "sessions.session", "pk": "3f203b3ibzp803plrlibx0st1r8hs7ak", "fields": {"session_data": ".eJxVjMsOwiAURP-FtSFAL68u3fsNBC5oUQMG2kRj_HfbpAvdTWbOnDdxfpknt_TUXI5kJJwcfrvg8ZbKNsSrL5dKsZa55UA3hO5rp6ca0_24s3-CyfdpfQfBGCiU3ASAAa2WQvMhcaUCAysMGhE0OwuJyprIvVyTlzAwBASrxSbtqfdci0vPR24vMrLPFy2RPYU:1sTfNQ:kXNoyX0gvumBnH0vor94CJiSxA6_IPzz-qxlPZdVlwo", "expire_date": "2024-07-30T10:25:44.840Z"}}, {"model": "sessions.session", "pk": "6jlluf3pr9s7i0k2edgh4mfo7i77k587", "fields": {"session_data": ".eJxVjMsOwiAURP-FtSFAL68u3fsNBC5oUQMG2kRj_HfbpAvdTWbOnDdxfpknt_TUXI5kJJwcfrvg8ZbKNsSrL5dKsZa55UA3hO5rp6ca0_24s3-CyfdpfQfBGCiU3ASAAa2WQvMhcaUCAysMGhE0OwuJyprIvVyTlzAwBASrxSbtqfdci0vPR24vMrLPFy2RPYU:1sV8cz:_fLo1e7yxGKFOY8f9g2sSjR7T7ox9w5e2V5zu8E4YsU", "expire_date": "2024-08-03T11:51:53.325Z"}}, {"model": "sessions.session", "pk": "gh3fgyliev4q7cq2jgsgyarezbtjrwm9", "fields": {"session_data": ".eJxVjMsOwiAURP-FtSFAL68u3fsNBC5oUQMG2kRj_HfbpAvdTWbOnDdxfpknt_TUXI5kJJwcfrvg8ZbKNsSrL5dKsZa55UA3hO5rp6ca0_24s3-CyfdpfQfBGCiU3ASAAa2WQvMhcaUCAysMGhE0OwuJyprIvVyTlzAwBASrxSbtqfdci0vPR24vMrLPFy2RPYU:1sV71P:eLH8c6Dm28lKmfkG3zDJF-t_BudJgPat1g-9Jqefs0I", "expire_date": "2024-08-03T10:08:59.674Z"}}, {"model": "sessions.session", "pk": "ulr1aqrr8c2afv40txy67w8vfp2jer7j", "fields": {"session_data": ".eJxVjMsOwiAURP-FtSFAL68u3fsNBC5oUQMG2kRj_HfbpAvdTWbOnDdxfpknt_TUXI5kJJwcfrvg8ZbKNsSrL5dKsZa55UA3hO5rp6ca0_24s3-CyfdpfQfBGCiU3ASAAa2WQvMhcaUCAysMGhE0OwuJyprIvVyTlzAwBASrxSbtqfdci0vPR24vMrLPFy2RPYU:1sUNDT:yYCBQyJbgRDRQfEs_gBPgcclUMPos75ZV7e8lJ98im8", "expire_date": "2024-08-01T09:14:23.445Z"}}]